smiles,value,label,log_value,init_value
Nc1n[nH]c2nc(-c3ccco3)c(-c3ccncn3)cc12,164.0,0,5.099866427824199,0.1521612458453369
CN1CCN(c2ccc(-c3cnc4cccc(-c5cc(F)c(CN6CCS(=O)(=O)CC6)c(F)c5)c4n3)cn2)CC1,429.1431200000001,0,6.061790476345169,0.20052012767905397
CCn1cnc(CN2CCN(c3cccc4[nH]c(-c5ccc(C(C)(C)C)cc5)nc34)CC2)c1C,124.0,0,4.820281565605037,0.13810565451737172
CC[C@H](NC(=O)[C@H]1NCC[C@@H]1O)c1ccc(-c2noc(CCC3CCCCC3)n2)cc1,204.0,0,5.318119993844216,0.16313352419223728
C[C@H](NC(=O)[C@H]1NCC[C@@H]1O)c1ccc(-c2noc(CCC3CCCC3)n2)cc1,439.0,0,6.0844994130751715,0.20166177580562286
Cc1c(C(=O)NN2CCCCC2)nn(-c2ccc(Cl)cc2Cl)c1-c1ccc(Cl)cc1,209.83,0,5.346297679066604,0.16455010313327975
C[C@H](NC(=O)C(C)(C)Oc1ccc(C(F)(F)F)cn1)[C@@H](Cc1ccc(Cl)cc1)c1cccc(C#N)c1,412.5,0,6.022236205774735,0.19853161278593373
Cc1cc(O)c(C(=O)CCc2ccc3occc3c2)c(O[C@@H]2O[C@H](CO)[C@@H](O)[C@H](O)[C@H]2O)c1,153.0,0,5.030437921392435,0.14867086119013725
Cc1nc2ccccc2n1C1C[C@H]2CC[C@@H](C1)N2CC[C@H](NC(=O)C1CCSCC1)c1cccc(F)c1,270.0,0,5.598421958998375,0.17722516649132586
Cc1c2c(=O)n(-c3ccccc3)[nH]c2cc(=O)n1Cc1cccnc1,196.0,0,5.278114659230517,0.16112233292170317
FC(F)(F)c1ccc(Nc2nc(N3CCOCC3)nc3c2CCN(c2ncccc2C(F)(F)F)CC3)cc1,322.0,0,5.7745515455444085,0.18607974277133182
O=C1CC(=O)N(CCc2ccccc2)C(=O)N1CCc1ccccc1,121.0,0,4.795790545596741,0.13687441558079516
COc1cc(-c2nc3ccc(-c4cccc(CN(C)C)c4)cc3c(=O)n2CC(=O)NC(C)C)ccc1F,441.0,0,6.089044875446846,0.20189029018578566
CN(C)[C@@H]1C(O)=C(C(N)=O)C(=O)[C@@]2(O)C(O)=C3C(=O)c4c(c(F)c5ccc(CN6CCC6)cc5c4O)C[C@H]3C[C@@H]12,354.0,0,5.869296913133774,0.19084288393886065
COc1c2c(c(O)c3cc(CNC4CC4)ccc13)C(=O)C1=C(O)[C@]3(O)C(=O)C(C(N)=O)=C(O)[C@@H](N(C)C)[C@@H]3C[C@@H]1C2,385.0,0,5.953243334287785,0.19506312883989219
COc1c2c(c(O)c3cc(CN4CC(F)C4)ccc13)C(=O)C1=C(O)[C@]3(O)C(=O)C(C(N)=O)=C(O)[C@@H](N(C)C)[C@@H]3C[C@@H]1C2,451.0,0,6.111467339502679,0.2030175364495255
COCCN1CCc2cc(Nc3ncc(Cl)c(N[C@@H]4CCCC[C@H]4NS(C)(=O)=O)n3)c(OC)cc2CC1,72.0,0,4.276666119016055,0.11077643327064167
O=C(NO)c1cnc(N2C[C@@H]3[C@H](C2)[C@H]3NCc2ccc3cc(F)ccc3n2)nc1,124.0,0,4.820281565605037,0.13810565451737172
Cc1nc(C(=O)NCCCN2CCN(c3cccc(Cl)c3Cl)CC2)c(C)n1-c1ccc2c(c1)OCCO2.Cl.Cl.Cl.Cl,182.18,0,5.204995209316664,0.15744639318034082
COc1ccccc1-n1c(C)nc(C(=O)NCCCN2CCN(c3cccc(Cl)c3C)CC2)c1C.Cl.Cl.Cl,126.85,0,4.843005286045291,0.1392480458665456
Cc1cc(Nc2nc(Sc3ccc(NC(=O)CN4C[C@H](OC(C)(C)C)[C@@H](O)C4)cc3)nn3cccc23)n[nH]1,345.6103280000001,0,5.845311920742635,0.18963708456768458
Cc1cc(Nc2nc(Sc3ccc(NC(=O)CN4C[C@H](OC(C)(C)C)C[C@H]4CO)cc3)nn3cccc23)n[nH]1,319.9503090000001,0,5.768165699360906,0.18575870663394536
Cc1cc(Nc2nc(Sc3ccc(NC(=O)C4CC4)cc3)nn3cc(NC(=O)C(=O)N4CCN(C)CC4)cc23)n[nH]1,435.0259470000002,0,6.075405677585659,0.2012046057404388
COc1cc(N2CCN(C[C@H](C)O)CC2)ccc1Nc1ncc2ccc(-c3ccccc3N(C)S(C)(=O)=O)n2n1,343.0,0,5.8377304471659395,0.18925594056220454
Cc1ccc(C(=O)NC2CC2)cc1-c1ccc2c(c1)NC(=O)C21CCN(C)CC1,226.0,0,5.420534999272286,0.1682822416539856
CCCN(CCC)c1c(C)c(Nc2ccc(OC)cc2Cl)nc2ccnn12,96.0,0,4.564348191467836,0.12523909627274168
Cn1nc(-c2ccc(OCCCN3CCCCC3)cc2)c2ccccc2c1=O,402.0,0,5.996452088619021,0.1972353658767967
CC(C)n1nc(-c2ccc(OCCCN3CCC[C@H]3C)cc2)c2sccc2c1=O,160.0,0,5.075173815233827,0.15091987222934344
C[C@@H]1CCCN1CCCOc1ccc(-c2nn(C)c(=O)c3c2CCC3)cc1,182.0,0,5.204006687076795,0.15739669712558335
CN(C)C(=O)c1ccc(-c2ccc3c(n2)Oc2ccccc2[C@H]3C(C)(C)C(=O)Nc2nncs2)cc1F,342.0,0,5.834810737062605,0.1891091577511365
Cl.O=C(Nc1ccc(N2C(=O)[C@@H]3[C@H](C2=O)[C@@H]2C=C[C@H]3C2)c(Cl)c1)c1ccccn1,454.0,0,6.118097198041348,0.20335083983885105
Cl.O=C(Nc1ccc(N2C(=O)CC3(CCCCC3)C2=O)c(Cl)c1)c1ccccn1,346.0,0,5.846438775057725,0.18969373500152187
COc1cccc(CNC(=O)c2cn(CCN(C)C)c3cc(-c4cn[nH]c4)ccc23)c1,417.5130000000001,0,6.034315681530693,0.19913888520166526
COc1cccc(CNC(=O)c2cn(CCN3CCCC3)c3nc(-c4cn[nH]c4)ccc23)c1,133.36170000000007,0,4.893064985811801,0.14176470101136937
CCOc1ccc([C@@H](C)Nc2nc(N3CCN(C(C)=O)CC3)nc3c2CN(C(C)C)C3=O)cc1,186.6344000000001,0,5.229151622976711,0.15866081042618135
CC(=O)N1CCC(C(=O)N(CCCN2CCN(Cc3ccc(F)cc3)CC2)c2ccc(C)c(Cl)c2)CC1.Cl,209.39,0,5.344198541804225,0.16444457304389254
CC(=O)N1CCC(C(=O)N(CCCN2CCC(Cc3ccc(C(N)=O)cc3)CC2)c2ccc(C)c(Cl)c2)CC1.Cl,328.03,0,5.7931050676162545,0.18701248541650345
CCOC(=O)N1C2CCC1CC(N1CCC[C@@H](NC(=O)c3ccccc3C)C1)C2,92.2,0,4.523960130562548,0.12320866417385107
Cc1cc(-c2nnc(N)nc2-c2ccccc2)cc(C(F)(F)F)n1,397.0,0,5.983936280687191,0.1966061576999562
COc1ccc2c(O[C@@H]3C[C@H]4C(=O)N[C@]5(C(=O)NS(=O)(=O)C6CC6)C[C@H]5/C=C\CCCCC[C@H](NC(=O)N5CCC5)C(=O)N4C3)cc(-c3nc(C(C)C)cs3)nc2c1C,107.0,0,4.672828834461906,0.1306927519993679
COc1ccc2c(O[C@@H]3C[C@H]4C(=O)N[C@]5(C(=O)NS(=O)(=O)C6CC6)C[C@H]5/C=C\CCCCC[C@H](NC(=O)N5CC(F)(F)C5)C(=O)N4C3)cc(-c3nc(C(C)C)cs3)nc2c1C,203.0,0,5.313205979041787,0.16288648154731622
COc1ccc2c(O[C@@H]3C[C@H]4C(=O)N[C@]5(C(=O)NS(=O)(=O)C6CC6)C[C@H]5/C=C\CCCCC[C@H](NC(=O)N5CCCCC5)C(=O)N4C3)cc(-c3nc(C(C)C)cs3)nc2c1C,268.0,0,5.5909869805108565,0.17685138724475544
CN[C@@H](C)C(=O)N[C@H](C(=O)N1CCC[C@H]1C(=O)Nc1snnc1-c1ccccc1)C1CCCCC1.O=C(O)C(F)(F)F,312.4642500000002,0,5.744490062632278,0.18456845952383502
O=C(NOCCO)c1ccc2[nH]ncc2c1Nc1ccc(I)cc1F,460.7771500000001,0,6.132914520478561,0.2040957522318149
O=C(NOCCO)c1ccc2[nH]ncc2c1Nc1ccc(Br)cc1F,306.91125000000005,0,5.726558617845339,0.18366699061795552
O=c1cc(COc2cc(Cl)cc(Cl)c2)[nH][nH]1,179.0,0,5.187385805840755,0.15656111428211275
Cl.c1ccc(OC(c2ccc3ccccc3c2)C2CNC2)cc1,159.7,0,5.073297055220967,0.1508255217285615
CCCOC(c1ccc2ccccc2c1)C1CNC1.Cl,214.6,0,5.368775830196598,0.16568014895759114
O=C(Nc1sc2c(c1C(=O)N1CC(F)(F)C1)CCOC2)c1c(F)cccc1C(F)(F)F,165.0,0,5.10594547390058,0.15246685819729075
COc1ccc2c(O[C@@H]3C[C@H]4C(=O)N[C@]5(C(=O)NS(=O)(=O)C6CC6)C[C@H]5/C=C\CCCCC[C@H](NC(=O)C5(OC)CCC5)C(=O)N4C3)cc(-c3nc(C4CC4)cs3)nc2c1C,117.0,0,4.762173934797756,0.13518440511502322
CCN(CC)C(=O)N[C@H]1CCCCC/C=C\[C@@H]2C[C@@]2(C(=O)NS(=O)(=O)C2CC2)NC(=O)[C@@H]2C[C@@H](Oc3cc(-c4nc(C5CC5)cs4)nc4c(C)c(OC)ccc34)CN2C1=O,127.0,0,4.844187086458591,0.1393074586098133
COc1ccc2c(n1)C1(CO2)C(=O)N(Cc2ccc(C(F)(F)F)o2)c2ccccc21,244.0,0,5.497168225293202,0.17213482973241037
Cc1nc2sc(C(=O)NCc3ccncc3)c(N)c2c(C)c1Cl,175.0,0,5.1647859739235145,0.15542495119020533
Cc1cc(C)c(-c2nc3cc(N4CCCC4)ncc3[nH]2)cc1C(=O)N1CCC(c2ccc(C#N)cc2)CC1,460.0,0,6.131226489483141,0.20401088971947345
O=C(N[C@@H]1CCC[C@@H](NC(=O)c2ccccn2)C1)c1cccc(Cl)c1,260.0,0,5.560681631015528,0.17532784407372498
COc1cccc(CN(CCN2CCOCC2)C(=O)Nc2ccc(-c3cn[nH]c3)cc2)c1,261.3168,0,5.5657334643748415,0.17558181528157898
COc1cccc(CN(CCN2CCCC2)C(=O)Nc2ccc(-c3cn[nH]c3)cc2)c1,251.7174,0,5.528307029668475,0.17370027324486062
CN(C)CCC(NC(=O)Nc1ccc(-c2cn[nH]c2)cc1)c1ccccc1,181.73250000000004,0,5.202535825670534,0.1573227523967365
COc1cccc(CN(CCN2CCCCC2)C(=O)Nc2ccc(-c3cn[nH]c3)cc2)c1,173.4224,0,5.155730237087482,0.15496969143425654
COc1cccc(CN(CCN(C)C)C(=O)Nc2ccc(-c3cn[nH]c3)cc2)c1,78.69820000000001,0,4.365620283497249,0.11524843283794356
CN[C@@H](C)C(=O)N[C@H]1CCCC[C@H]2CC[C@@H](C(=O)N[C@@H](c3ccccc3)c3cn(CCCCc4ccc(CCCCn5cc([C@@H](NC(=O)[C@@H]6CC[C@@H]7CCCC[C@H](NC(=O)[C@H](C)NC)C(=O)N76)c6ccccc6)nn5)cc4)nn3)N2C1=O,221.0,0,5.3981627015177525,0.1671575174045776
COc1ccc(O[C@@H](CC(C)C)[C@H]2CCNC2)c(C)n1,167.03759999999997,0,5.118218936774964,0.15308388294237893
OC[C@H]1O[C@@H](c2cc(Cc3cc4cccccc-4c3)ccc2O)[C@H](O)[C@@H](O)[C@@H]1O,403.0,0,5.998936561946683,0.19736026799589448
CC(C)(C)n1nnnc1C(c1cccc(Nc2ccnc3cc(Cl)ccc23)c1)N1CCCC1,63.5,0,4.151039905898646,0.10446081697567207
Cc1ccc2[nH]c(C(=O)N3CCC(CC(C)(C)O)CC3)cc2c1,395.0,0,5.978885764901122,0.1963522527305635
COc1ccc2nccc(CC[C@@H]3CC[C@@H](NCc4ccc5c(n4)NC(=O)CS5)CO3)c2n1,463.0,0,6.137727054086234,0.2043376931048101
COc1cnc2cccc([C@@H](O)[C@H](O)[C@@H]3CC[C@@H](NCc4ccc5c(n4)NC(=O)CS5)CO3)c2n1,313.0,0,5.746203190540153,0.18465458373519075
CNc1cc(-c2cccnc2Oc2ccc(Nc3nc4ccc(F)c(F)c4[nH]3)cc2)ccn1,257.7781,0,5.552099137323355,0.1748963757068237
O=C(O)c1ccc(NC(=O)[C@H](CC2CCCC2)n2cnc(S(=O)(=O)C3CCC3)c2)nc1,176.0,0,5.170483995038151,0.15571140824488905
CN[C@@H](C)C(=O)N[C@H](C(=O)N1CCC[C@H]1C(=O)N[C@H]1c2ccccc2C[C@H]1OCCOCCO[C@@H]1Cc2ccccc2[C@@H]1NC(=O)[C@@H]1CCCN1C(=O)[C@@H](NC(=O)[C@H](C)NC)C1CCCCC1)C1CCCCC1,206.0,0,5.327876168789581,0.16362399712724437
Cc1ccc(CN2CCN(C)CC2)cc1NC(=O)c1ccc(Nc2ncc(C)c(-c3ccncc3)n2)cc1,270.0,0,5.598421958998375,0.17722516649132586
COc1cc(N2CCN(C)CC2)ccc1-c1nc2c(N[C@H]3[C@@H](C(N)=O)[C@@H]4C=C[C@H]3C4)c(Cl)cnc2[nH]1,416.0,0,6.030685260261263,0.1989563727533645
COc1cc(CN2CCOCC2)ccc1-c1nc2c(N[C@H]3[C@@H](C(N)=O)[C@@H]4C=C[C@H]3C4)c(Cl)cnc2[nH]1,451.0,0,6.111467339502679,0.2030175364495255
CC(C)C[C@@H]1NC(=O)[C@H](Cc2ccc(O)cc2)N(C)C(=O)[C@H]2CCCN2C(=O)[C@H](CC(C)C)NC(=O)[C@H](CO)N(C)C(=O)[C@@H](CC(C)C)N(C)C1=O,282.0,0,5.641907070938114,0.1794112968755835
CC(C)Cc1cc(-n2c3c(c4c2CC(C)(C)CC4=O)CCN(C)C3)cc2c1C(=O)NCC2,280.0,0,5.634789603169249,0.1790534798698448
Cc1cc(C)cc([C@@H]2CCCN2Cc2ccc(Oc3ccc(C(N)=O)cc3F)cc2)c1,186.0,0,5.225746673713202,0.15848963314941295
COc1nc(C2=NN(c3ccc(C#N)c(C)c3)[C@@H](C3CCCC3)C2)ccc1C(=O)O,494.0,0,6.202535517187923,0.2075958139655769
N#Cc1cccc(Cn2cc(NC(=O)c3n[nH]c4ccccc34)cn2)c1,143.79204,0,4.968368089095572,0.14555041972690752
CN(C)CC[C@@H](c1ccccc1)n1cc(NC(=O)c2n[nH]c3cc(-c4cn[nH]c4)ccc23)cn1,380.4483060000001,0,5.941350309990724,0.19446522991272489
CN(C)CCn1c(CC(C)(C)C)nc2cc(S(=O)(=O)C3CN(CCO)C3)ccc21,391.0,0,5.968707559985366,0.19584056305032604
CNC(=N)NCCC[C@H](NC(=O)[C@H](CC(C)C)NC(=O)NNC(=O)[C@H](Cc1ccccc1)NC(=O)[C@H](CO)NC(=O)[C@H](CC(N)=O)NC(=O)[C@@H](Cc1ccncc1)NC(=O)[C@H](N)Cc1ccc(O)cc1)C(=O)N[C@@H](Cc1ccccc1)C(N)=O,239.0,0,5.476463551931511,0.17109394209263962
CNC(=N)NCCC[C@H](NC(=O)[C@H](CC(C)C)NC(=O)NNC(=O)[C@H](Cc1ccccc1)NC(=O)[C@@H](NC(=O)[C@H](CC(N)=O)NC(=O)[C@@H](Cc1c[nH]c2ccccc12)NC(=O)[C@@H](Cc1ccc(O)cc1)NC(C)=O)[C@@H](C)O)C(=O)N[C@@H](Cc1ccccc1)C(N)=O,497.0,0,6.208590026096629,0.20790019275860894
CN(C)CC[C@@H](c1ccccc1)n1cc(NC(=O)c2n[nH]c3c2CCC(C)(C)C3)cn1,252.3366000000001,0,5.530763910524381,0.1738237882054991
COc1cnc2ccc(=O)n(CCN3CCC(c4nc5cc(C#N)c(C)cc5[nH]4)CC3)c2c1,470.0,0,6.152732694704104,0.2050920728321852
CC(C)(C)C#Cc1cc(N2C(=O)[C@@H](CCCO)OC[C@H]2C2CCCCC2)c(C(=O)O)s1,440.4354480000002,0,6.087763892072557,0.20182589120987535
CCN(Cc1cc(F)ccc1-c1cn(CC(=O)O)c2ccccc12)C(=O)C1CC1,222.0,0,5.402677381872279,0.1673844842780197
CCN(Cc1cc(C(F)(F)F)ccc1-c1cn(CC(=O)O)c2ccc(C)nc12)C(=O)C1CC1,126.0,0,4.836281906951478,0.13891004091114303
O=C(Nc1nc2cccc(-c3ccc(CN4CCOCC4)cc3)n2n1)C1CC1,470.0,0,6.152732694704104,0.2050920728321852
COc1cc([C@@H]2CCN(CCO)C[C@@H]2O)ccc1Nc1ncc2ccc(-c3ccccc3OC)n2n1,371.0,0,5.916202062607435,0.19320095013366806
COc1cc([C@H]2CCN(CCO)C[C@@H]2O)ccc1Nc1ncc2ccc(-c3ccccc3OC)n2n1,459.0,0,6.129050210060545,0.20390148145631976
Cn1c(=O)c2c(nc(N3CCC[C@@H](N)C3)n2Cc2cc(F)ccc2Cl)c2cc(C(=O)O)ccc21,75.3,0,4.321480134805848,0.11302937174058122
Cn1c(=O)c2c(nc(N3CCC[C@@H](N)C3)n2Cc2cc(F)ccc2Cl)c2ccc(C(=O)O)cc21,99.9,0,4.604169685654508,0.12724104531931793
CC(=O)N1N=C(c2cc(F)ccc2F)S[C@@]12c1cc(F)c(F)cc1OC[C@H]2CCN,351.5472000000002,0,5.862343983885817,0.19049333879086572
CC(=O)N1N=C(c2cc(F)ccc2F)S[C@@]12c1cc(F)cc(F)c1OC[C@H]2CCN,351.5472000000002,0,5.862343983885817,0.19049333879086572
CC(=O)N1N=C(c2cc(F)ccc2F)S[C@@]12c1cc(F)ccc1OC[C@H]2CCN,155.93428000000006,0,5.049434636434041,0.1496258845096377
CC(=O)N1N=C(c2cc(F)ccc2F)S[C@@]12c1ccccc1OC[C@H]2CCN,322.7632000000001,0,5.776918927418703,0.18619875834276942
COc1ccc(N(CCN)C(=O)Nc2ccc(-c3ncnc4[nH]cc(C)c34)cc2)cc1,458.1335000000002,0,6.127160626356926,0.20380648626914388
Cc1c[nH]c2ncnc(-c3ccc(NC(=O)N(CCN)c4ccc(Cl)cc4)cc3)c12,294.6328000000001,0,5.685729835237634,0.18161440208294968
Cc1c[nH]c2ncnc(-c3ccc(NC(=O)N(CCN(C)C)c4ccc(Cl)cc4)cc3)c12,269.37480000000005,0,5.59610371839834,0.1771086214029568
O=C1Nc2ccccc2[C@]12C[C@H]2c1ccc2c(/C=C/c3ccc(CN4CCOCC4)cc3)n[nH]c2c1,312.0,0,5.7430031878094825,0.18449370975126447
Cc1ccc2c(c1)[C@]1(C[C@H]1c1ccc3c(/C=C/c4ccc(CN5CCOCC5)cc4)n[nH]c3c1)C(=O)N2,285.0,0,5.652489180268651,0.17994329207359702
COc1ccc2c(c1)[C@]1(C[C@H]1c1ccc3c(/C=C/c4ccc(CN5CCOCC5)cc4)n[nH]c3c1)C(=O)N2,250.0,0,5.521460917862246,0.1733560981383469
O=C(N[C@@H](c1ccccn1)C1CC1)c1ccc2[nH]nc(-c3ccc(N4C5CCC4COC5)cc3)c2c1,240.0,0,5.480638923341991,0.17130385086138467
O=C(N[C@H](c1ccccn1)C1CCCC1)c1ccc2[nH]nc(-c3ccc(N4C5CCC4COC5)cc3)c2c1,220.0,0,5.393627546352362,0.1669295211993908
O=C(N[C@@H](c1ccccn1)C1CC1)c1ccc2[nH]nc(-c3ccc(N4[C@H]5CC[C@H]4CC(O)C5)cc3)c2c1,250.0,0,5.521460917862246,0.1733560981383469
O=C(N[C@H](c1ccccn1)C1CCCC1)c1ccc2[nH]nc(-c3ccc(N4[C@H]5CC[C@H]4CC(O)C5)cc3)c2c1,190.0,0,5.247024072160486,0.1595593134415558
O=C(N[C@H](c1ncccn1)C1CCCC1)c1ccc2[nH]nc(-c3ccc(N4[C@H]5CC[C@H]4CC(O)C5)cc3)c2c1,130.0,0,4.867534450455582,0.14048120243958373
O=C(N[C@H](CC1CC1)c1ccccn1)c1ccc2[nH]nc(-c3ccc(N4[C@H]5CC[C@H]4CC(O)C5)cc3)c2c1,290.0,0,5.66988092298052,0.18081762849545782
O=C(N[C@H](c1ccccn1)C1CC1)c1ccc2[nH]nc(-c3ccc(N4[C@H]5CC[C@H]4CC(O)C5)cc3)c2c1,360.0,0,5.886104031450156,0.1916878294934259
O=C(Nc1ccc(F)cc1)c1ccc(SCc2ccccc2B(O)O)nc1,149.06775000000002,0,5.004400900588233,0.14736190003638666
CC(=O)O[C@H]1C(=O)[C@@]2(C)[C@H]([C@H](OC(=O)c3ccccc3)[C@]3(O)C[C@H](OC(=O)[C@H](O)[C@@H](NC(=O)c4ccccc4)c4ccccc4)C(C)=C1C3(C)C)[C@]1(OC(C)=O)CO[C@@H]1C[C@@H]2O,375.0,0,5.926926025970411,0.19374007677038813
CN(C)C(=O)C(CCN1CCC(O)(c2ccc(Cl)cc2)CC1)(c1ccccc1)c1ccccc1,243.0,0,5.493061443340548,0.1719283691667653
[2H]c1ccc2c(-n3ncc(C(=O)NC(=N)N)c3C3CC3)cccc2n1,77.4,0,4.3489867805956814,0.11441221546450907
COc1ccc(CCN(C)CCCC(C#N)(c2ccc(OC)c(OC)c2)C(C)C)cc1OC,297.83,0,5.696522853926941,0.18215700034341298
Cc1nn(C[C@H](F)CN2C3CCC2CC(OCc2cccc(F)c2)C3)c(=O)n1C,310.0,0,5.736572297479192,0.1841704091060147
Cc1noc(C)c1-c1cc2c(c3c1CCC3)NC(C)(C)C(=O)C2(C)C,460.0,0,6.131226489483141,0.20401088971947345
N#Cc1ccc(N2C(=O)[C@]3(CCOC3)N(c3ccc(C(N)=O)c(F)c3)C2=S)cc1C(F)(F)F,303.0,0,5.713732805509369,0.18302219756581145
COc1cc(F)ccc1-c1c(CN(C)Cc2ccccc2)[nH]c2c(NS(C)(=O)=O)cc(C(C)C)cc12,315.0,0,5.752572638825633,0.18497479549978602
CN(C)C/C=C/C(=O)Nc1cc2c(Nc3ccc(F)c(Cl)c3)ncnc2cc1O[C@H]1CCOC1,324.5,0,5.782285536144145,0.1864685542768668
CC(C)NC/C=C/C(=O)Nc1cc2c(Nc3ccc(F)c(Cl)c3)ncnc2cc1O[C@H]1CCOC1,196.7,0,5.281679725395013,0.16130155976777624
C#Cc1cccc(Nc2ncnc3cc(O[C@H]4CCOC4)c(NC(=O)/C=C/CNC4CC4)cc23)c1,480.2,0,6.174202683787152,0.20617143524820414
C#Cc1cccc(Nc2ncnc3cc(O[C@H]4CCOC4)c(NC(=O)/C=C/CNC(C)C)cc23)c1,105.3,0,4.6568134191399295,0.12988760779046266
COCCCN1C[C@@H]2[C@@H](CNC(=O)c3nc(C(C)C)n4ccccc34)[C@@H]2C1,389.0,0,5.963579343618446,0.19558275183364326
CN1CCN(CCCOc2ccc(N3C(=O)/C(=C/c4ccc(Oc5ccc(F)cc5)cc4)SC3=S)cc2)CC1,175.6,0,5.168208681201016,0.1555970212169799
CN1C(=O)c2c(nn(Cc3ccc(C(F)(F)F)cc3)c2Nc2ccccc2)N2C1=N[C@@H]1CCC[C@@H]12,271.0,0,5.602118820879701,0.17741101911362958
CN1C(=O)c2c(nn(Cc3ccc(-c4ccccn4)cc3)c2Nc2ccccc2)N2C1=N[C@@H]1CCC[C@@H]12,420.0,0,6.040254711277414,0.19943745850188602
CN1C(=O)c2c(nn(Cc3ccc(-c4cccc(F)n4)cc3)c2Nc2ccccc2)N2C1=N[C@@H]1CCC[C@@H]12.O=P(O)(O)O,300.0,0,5.703782474656201,0.1825219638158864
CN1C(=O)c2c(nn(Cc3ccc(C(F)(F)F)cc3)c2Nc2ccc(F)cc2)N2C1=N[C@@H]1CCC[C@@H]12,292.0,0,5.676753802268282,0.18116314928563385
Nc1ncnc2c1c(-c1cccc(OCc3ccccc3)c1)cn2[C@H]1C[C@@H](CN2CCC2)C1,116.92375800000008,0,4.761522081361821,0.13515163443699538
COc1cc(C[C@H](NC(=O)c2cc(Cl)ccc2Cl)C(=O)N[C@@H](CC(C)C)B(O)O)cc(OC)c1,83.0,0,4.418840607796598,0.1179239823035189
Nc1noc2ccc(-c3cc(Cl)ccc3Oc3cc(F)c(S(=O)(=O)Nc4ncns4)cc3F)cc12,96.46938000000004,0,4.569225652293354,0.12548430123676402
Cc1ccc(NC(=O)c2cccc(C(F)(F)F)c2)cc1OC1CCN(C(=O)c2ccncc2)CC1,202.04,0,5.308465697599852,0.16264817301301812
Cc1ccc(S(=O)(=O)n2ccc(NC(=O)c3ccccn3)c2)cc1C,447.5,0,6.10367653771491,0.20262586887075576
Cc1cc(S(=O)(=O)n2ccc(NC(=O)c3ccccn3)c2)ccc1Cl,191.7,0,5.255931650051599,0.16000712479144696
C[C@@H](Oc1ccc2[nH]nc(-c3nc4cc(N5CCN(C)CC5)ccc4[nH]3)c2c1)c1c(Cl)cncc1Cl,485.3,0,6.18476725641117,0.2067025488220192
CN(C)CCn1cc(-c2ccn3c(-c4ccc(C(N)=O)c(OCc5ccccc5)c4)cnc3c2)cn1,405.0,0,6.003887067106539,0.19760914512336705
CN(C)CCn1cc(-c2ccn3c(-c4ccc(C(N)=O)c(OCc5cccc(C(F)(F)F)c5)c4)cnc3c2)cn1,268.0,0,5.5909869805108565,0.17685138724475544
c1cn(-c2cc(NC3=NC[C@@]4(CN5CCC4CC5)O3)ncn2)cn1,244.032,0,5.497299364235099,0.17214142249054418
NS(=O)(=O)c1cccc2c1C(=O)C=C(Nc1ccccc1N1CCNCC1)C2=O,199.2,0,5.294309345150498,0.1619364896151996
O/N=c1\cc(-c2cc3cccn3cn2)oc2ccc(OCCN3CCOCC3)cc12,166.0,0,5.111987788356544,0.15277062393766014
O/N=c1\cc(-c2cc3sccc3cn2)oc2ccc(CCCN3CCOCC3)cc12,163.0,0,5.093750200806762,0.1518537642930676
C=CC(=O)Nc1cc(Nc2cc(-c3cccc(NC(=O)c4ccc(N(C)C)cc4)c3C)cn(C)c2=O)ccc1C(=O)N1CCOCC1,317.33,0,5.759942241866406,0.1853452881214832
C=CC(=O)Nc1cc(Nc2cc(-c3cccc(NC(=O)c4ccc(C(C)(C)C)cc4)c3C)cn(C)c2=O)ccc1C(=O)N1CCOCC1,182.7,0,5.207845463383961,0.15758968422275568
COc1ccc(Oc2ccnc3cc(-c4cnn(C5CCNCC5)c4)ccc23)cc1,95.9,0,4.563305981889393,0.12518670119027397
Oc1ccc(Oc2ccnc3cc(-c4cnn(C5CCNCC5)c4)ccc23)cc1,155.1,0,5.044070070182493,0.14935619125698785
Cc1ccc(Oc2ccnc3cc(-c4cnn(C5CCNCC5)c4)ccc23)cc1,166.0,0,5.111987788356544,0.15277062393766014
Cc1nc(-c2cnn(C)c2-c2ccc(C(F)(F)F)cn2)c2c(N3CCC3)ncnn12,141.0,0,4.948759890378168,0.14456465524144224
C=C1C(=O)O[C@H]2c3c(C)c(OCc4ccccc4Br)cc(C)c3CC[C@@H]12,408.0,0,6.0112671744041615,0.19798016582637853
O=C(CCCCCCn1cc(-c2ncnc3[nH]ccc23)cn1)NO,175.2,0,5.165928178502291,0.15548237332903211
CC(C)(C)C[C@@H]1NC(=O)[C@@H](Cc2ccccc2)NC(=O)[C@H](COCc2ccccc2)NC(=O)CN(CCCc2ccc(F)cc2F)C(=O)[C@H]2CCCN2C(=O)[C@H](Cc2cscn2)NC1=O,124.0,0,4.820281565605037,0.13810565451737172
CCN(CC)CCCn1c2c(c3ccccc3c1=O)C(=O)C(=O)c1cc(C)oc1-2,114.0,0,4.736198448394496,0.13387853748495407
CC(C)c1cccc(C(C)C)c1O,77.0,0,4.343805421853684,0.11415173261710795
CC[C@@H](C)c1cccc([C@H](C)C2CC2)c1O,78.1,0,4.35799005684564,0.11486483786537066
C[C@@H](c1cccc([C@H](C)C2CC2)c1O)C1CC1,170.0,0,5.135798437050262,0.15396765851469782
CC(C)c1cccc([C@H](C)C2CC2)c1O,164.0,0,5.099866427824199,0.1521612458453369
C=CC(=O)N1CCC[C@@H](n2nc(-c3ccc(OCc4ccccn4)c(Cl)c3)c3c(N)ncnc32)C1,405.24,0,6.0044794841854765,0.19763892775283834
C[C@H]1[C@@H](c2cccc(C(F)(F)F)c2)OC(=O)N1C(=O)NCc1cncc2ccccc12,180.3471600000001,0,5.194883660067258,0.15693805448555542
COc1cc(C(F)(F)F)cc([C@H]2OC(=O)N(C(=O)NCc3cncc4cccnc34)[C@H]2CO)n1,453.5290500000002,0,6.117059324835472,0.2032986627591756
O=C(Nc1nc(-c2ccccc2)cs1)[C@@H]1CCCN1C(=O)[C@H](NC(=O)N1CCOCC1)c1ccccc1,436.0,0,6.077642243349034,0.20131704478344925
O=C(N[C@@H](C(=O)N1CCC[C@H]1C(=O)Nc1nc(-c2ccccc2)cs1)c1ccccc1)c1ccccc1,367.0,0,5.905361848054571,0.1926559791919184
O=C(N[C@@H](C(=O)N1CCC[C@H]1C(=O)Nc1nc(-c2ccccc2)cs1)c1ccccc1)c1ccncc1,295.6,0,5.689007189074046,0.18177916474497693
O=C(Nc1nc(-c2ccccc2)cs1)[C@@H]1CCCN1C(=O)[C@H](NC(=O)N1CCCC1)c1ccccc1,311.4,0,5.741078259399898,0.1843969376769613
C=CC(=O)Nc1cc(Nc2nccc(-c3cn4c5c(cccc35)CCC4)n2)c(OC)cc1N(C)CCN(C)C,194.0,0,5.267858159063328,0.1606067070982557
C=CC(=O)Nc1cc(Nc2nccc(-c3cn(C)c4ccccc34)n2)c(OC)cc1N(C)CCN(C)C,152.7,0,5.028475212224587,0.14857218976086187
CC(C)(C)NS(=O)(=O)c1ccc(-c2sc(C(=O)N[C@H]3C[C@H](C(=O)O)C3)nc2CC2CCCCC2)c2ccccc12,325.0,0,5.783825182329737,0.1865459570282267
CC(C)(C)NS(=O)(=O)c1ccc(-c2sc(C(=O)N[C@H]3C[C@H](C(=O)O)C3)nc2CC2CCCCC2)c(Cl)c1,162.0,0,5.087596335232384,0.15154439053472407
C[C@H](NS(=O)(=O)c1ccc(-c2sc(C(=O)NCC(C)(C)O)nc2CC2CCC2)c(C(F)F)c1)C(F)(F)F,198.0,0,5.288267030694535,0.16163272387483024
C[C@H](NS(=O)(=O)c1ccc(-c2sc(C(=O)NCC(C)(C)O)nc2CC2CC2)c2ccccc12)C(F)(F)F,415.0,0,6.028278520230698,0.19883537852630306
Nc1cccnc1N1CCC(C(=O)Nc2ccc(-n3nccn3)c(Cl)c2)CC1,64.05707000000002,0,4.159774404764703,0.10489992711039618
CNC(=O)c1ncn(-c2ccc(NC(=O)C3CCN(c4ncccc4Cl)CC3)cc2Cl)n1,59.29400000000003,0,4.082508120446146,0.1010155132433797
Cc1ccc(NC(=O)C2CCN(c3ncccc3Cl)CC2)cc1Cl,52.09146800000002,0,3.9530011733527006,0.0945048005101167
Cc1nc(C)n(-c2ccc(NC(=O)C3CCN(c4ncccc4[N+](=O)[O-])CC3)cc2Cl)n1,416.6980840000001,0,6.032361940385679,0.1990406646224931
Cc1cn(-c2cc(NC(=O)C3CCN(c4ncccc4Cl)CC3)cc(C(F)(F)F)c2)cn1,289.00409300000007,0,5.6664408506419015,0.1806446854736273
CS(=O)(=O)CCCn1c(Cn2cc(S(C)(=O)=O)c3ccccc32)nc2cc(Cl)ccc21,294.0,0,5.683579767338681,0.18150631155374441
Cc1ccc(CN2CC[C@@H](N3CC[C@@H](c4ccc(O)cc4)[C@H](F)C3)C2=O)cc1,497.22270000000015,0,6.20903801426613,0.20792271450238395
COc1cc2c(=O)n(CCN(C)C)c3c4cc5c(cc4ccc3c2cc1OC)OCO5,121.0,0,4.795790545596741,0.13687441558079516
Cc1ccn2nc([C@H](C)Nc3ncnc(N)c3-c3ccc(O)c(F)c3)n(-c3ccccc3)c(=O)c12,149.0,0,5.003946305945459,0.14733904616487162
Cc1ccn2nc([C@H](C)Nc3ncnc4[nH]cc(-c5cc(NS(C)(=O)=O)cc6[nH]ccc56)c34)n(-c3ccccc3)c(=O)c12,171.0,0,5.14166355650266,0.1542625161169953
CC(C)c1ccc2c(c1O)[C@H](C)C2,205.0,0,5.3230099791384085,0.16337935879983864
CC(C)c1ccc2c(c1O)[C@@H](C)C2,227.0,0,5.424950017481403,0.1685041982047098
CCCCCC[C@H]([C@H](C)O)n1cnc2c(N)ncnc21,97.0802,0,4.575537441012851,0.12580161427755435
C[C@H](O)[C@@H](CCc1cccc(C(F)(F)F)c1)n1cnc(C(N)=O)c1,484.6928600000001,0,6.183515411981536,0.20663961475051953
CNC(=O)c1c(-c2ccc(F)cc2)oc2cc3c(cc12)[C@H](C)CCCN3S(C)(=O)=O,439.0,0,6.0844994130751715,0.20166177580562286
CNC(=O)c1c(-c2ccc(F)cc2)oc2cc3c(cc12)[C@@H](C)OCCN3S(C)(=O)=O,234.0,0,5.455321115357702,0.17003104674916444
CNC(=O)c1c(-c2ccc(F)cc2)oc2cc3c(cc12)[C@H](C)NC(=O)CN3S(C)(=O)=O,379.0,0,5.937536205082426,0.1942734831226895
C#C[C@]1(CO)O[C@@H](n2cnc3c(N)nc(F)nc32)C[C@@H]1O,228.74124,0,5.432591408340389,0.16888835443634065
Cc1cccc(C)c1-n1c(Cn2nc(-c3ccc4[nH]ccc4c3)c3c(N)ncnc32)nc2cccc(F)c2c1=O,473.0,0,6.159095388491933,0.20541194502739937
NC(=O)c1ccc(-c2cc(-c3ccc([N+](=O)[O-])cc3)nc(-c3ccco3)c2)cc1,258.0,0,5.552959584921617,0.17493963305525206
N#CN[C@H]1CCc2ccc(-c3ncnc4[nH]ccc34)cc21,488.0,0,6.1903154058531475,0.20698147136655162
CNC(=O)c1cccc2cc(Oc3ccnc(NC(=O)c4ccc(N5CCN(C)CC5)cc4)c3)ccc12,49.0,0,3.8918202981106265,0.09142904965342072
N#Cc1cnc(NCc2ccccc2OC(F)(F)F)nc1NC[C@]12C[C@@H]3C[C@H](C1)[C@@H](NCCO)[C@@H](C3)C2,329.0,0,5.796057750765372,0.18716092588404362
N=C(N)NCCC[C@@H]1NC(=O)[C@@H](Cc2ccccc2)NC(=O)[C@H](Cc2ccccc2)NC(=O)CCC(=O)NCCN(CC(N)=O)C(=O)[C@H](Cc2c[nH]c3ccccc23)NC1=O,489.8,0,6.193997144518067,0.2071665636982313
COc1cc2nccc(Oc3ccc4c(NC(=O)c5cccc(C(F)(F)F)c5)nn(C)c4c3)c2cc1OC,332.173913,0,5.805658666100527,0.18764359344069964
COc1cc2nccc(Oc3ccc4c(NC(=O)c5cccc(C)c5)nn(C)c4c3)c2cc1OC,127.5,0,4.848116364598481,0.13950499551259782
CC(C)(C)c1noc([C@@H]2CCCN2C(=O)C[C@H](N)Cc2cc(F)c(F)cc2F)n1,18.241777777777784,0,2.9037144457836344,0.04175392797894311
N[C@@H](CC(=O)N1CCC[C@H]1c1nc(-c2ncc(F)cc2F)no1)Cc1cc(F)c(F)cc1F,166.9278571428572,0,5.117561725924286,0.15305084293062682
N[C@@H](CC(=O)N1CCC[C@H]1c1noc(C2(C(F)(F)F)CC2)n1)Cc1cc(F)c(F)cc1F,24.77110714285715,0,3.2096779394283956,0.05713565427775879
CCS(=O)(=O)c1ccc(Oc2cc3nc(-c4ccccn4)[nH]c3cc2CN2C(=O)CCC2=O)cc1,190.1321705426357,0,5.247719464753926,0.15959427296700474
COc1ccc(-c2cc3onc(-c4ccncc4)c3c(=O)n2C)cc1,36.41174923076924,0,3.5948915036251834,0.07650152548181086
CC(=O)NC(C)(C)[C@@H]1CC2(CCN(C(=O)[C@@H]3CN(C(C)(C)C)C[C@H]3c3ccc(F)cc3F)CC2)c2cc(Cl)c(C)cc21,363.7539393939396,0,5.896477648376034,0.19220934313671
O=C(Nc1cc2cc[nH]c(=O)c2cc1Cl)C(NC1CC1)c1ccccc1,202.03125,0,5.308422388406231,0.16264599572658908
CN(C)C(C(=O)Nc1cc2cc[nH]c(=O)c2cc1Cl)c1ccccc1,150.0,0,5.0106352940962555,0.14767532218174514
CC(C)NC(=O)Cn1c(-c2ccc(F)c(C(F)(F)F)c2)cn2nc(OCCCN3CCCCC3)cc2c1=O,373.9130435,0,5.924023266370589,0.19359414611328965
O=C(c1ccc(-c2ccc3c(c2)CNC3)s1)N1N=C(c2cccnc2)CC1c1ccccc1O,296.6026714285715,0,5.692393436502689,0.1819494018229596
NCc1ccccc1-c1ccc(C(=O)N2N=C(c3cccnc3)CC2c2ccccc2O)s1,293.068355263158,0,5.680405876221666,0.18134675028098404
NC(=O)c1ccccc1Nc1ccnc(Oc2ccc(N3CCNCC3)cc2)c1,417.27750000000015,0,6.033751468099305,0.1991105204563411
N#Cc1cc(NCC(=O)NC2CN([C@H]3CC[C@@](O)(c4cncs4)CC3)C2)c2cc(C(F)(F)F)ccc2n1,120.0,0,4.787491742782046,0.13645720922724341
O=C(CNc1ncnc2ccc(C(F)(F)F)cc12)NC1CN([C@H]2CC[C@@](O)(c3cncs3)CC2)C1,353.3333333,0,5.867411898343663,0.1907481184450257
CN1CCC(NC(=O)c2cnc(NCc3cc(Cl)ccc3Cl)nc2NC2CCCC2)CC1,425.0,0,6.052089168924417,0.2000324131033408
COc1ccccc1CNc1ncc(C(=O)NC2CCN(C)CC2)c(NC2CCCC2)n1,147.3170732,0,4.992587224423229,0.1467679901839782
CN1CCN(CCNC(=O)c2cccc(-n3ncc4cc(Nc5c(Cl)cccc5Cl)ccc43)c2)CC1,497.2946000000002,0,6.2091826070251,0.20792998362530044
COc1cc(NC(=O)c2cccc(-n3ncc4cc(Nc5ccccc5F)ccc43)c2)cc(OC)c1OC,256.27050000000014,0,5.546233527252789,0.1746014934396413
O=C(NCCN1CCOCC1)c1ccnc(-n2ncc3cc(Nc4ccccc4Cl)ccc32)c1,47.69680000000001,0,3.864864309690054,0.09007388916986088
O=C(NCCCN1CCOCC1)c1cccc(-n2ncc3cc(Nc4ccccc4Cl)ccc32)c1,40.833916666666674,0,3.709513026928918,0.08226390215756678
O=C(O)Cn1c2c(c3cc(F)ccc31)CN(C(=O)c1cccs1)CC2,488.0,0,6.1903154058531475,0.20698147136655162
CCNC(=O)C[C@@H]1N=C(c2ccc(Cl)cc2)c2cc(OC)ccc2-n2c(C)nnc21,248.1481481,0,5.514025939180699,0.17298231888202203
Cc1nc(N2CCN(C)CC2)c2nc(-c3ccccc3Cl)n(C3CCOCC3)c2n1.Cl,395.5223881,0,5.980207392685235,0.19641869502602158
Cc1nc(N2CCN(C)CC2)c2nc(-c3ccccc3Cl)n(CCS(C)(=O)=O)c2n1.Cl,495.2380952,0,6.2050386473291175,0.20772165402009946
Cc1cc2c(cc1NC1CNC1)N1C(=NNC(=O)[C@H]1C)CO2,217.3913043,0,5.381698975267088,0.16632983522579983
C[C@@H]1C(=O)NN=C2COc3cc(-c4ccccc4)c(NC4CNC4)cc3N21,265.4320988,0,5.581359059573548,0.17636736203338085
C[C@@H]1C(=O)NN=C2COc3cc(C(F)(F)F)c(NC4CNC4)cc3N21,486.9047619,0,6.188068543177799,0.20686851466609188
C[C@@H]1C(=O)NN=C2COc3cc(C(F)(F)F)c(NC4(C)CNC4)cc3N21,352.2522523,0,5.864347544796673,0.19059406396296605
C[C@H](NC(=O)CNC(=O)c1cccc(Cl)c1)c1ccccc1,278.7755102,0,5.630406834999513,0.1788331446278361
CN(c1ccc(-c2cc3cccnc3cc2O)nn1)C1CC(C)(C)NC(C)(C)C1,99.58200652173916,0,4.600981490857779,0.1270807649565648
CN(c1ccc(-c2ccc(-n3ccc(N)n3)cc2O)nn1)C1CC(C)(C)NC(C)(C)C1,96.95627000000005,0,4.574260052109088,0.12573739600673792
CN(c1ccc(-c2ccc(-c3cn[nH]c3)cc2O)nn1)C1CC(C)(C)NC(C)(C)C1,176.4204150943397,0,5.172869868703602,0.15583135345556873
CC1(C)CC(Oc2ccc(-c3ccc(-c4cn[nH]c4)cc3O)nn2)CC(C)(C)N1,189.2504333333334,0,5.2430711820551394,0.15936058949261198
CC(C)n1c(=O)c(C(=O)NCCCN2CCCCC2)c(O)c2ccsc21,366.6666667,0,5.904453170209261,0.19261029716056283
COCCCN1CCC(NC(=O)c2cc(Cl)c(N)c3c2OCC3)CC1,328.5714286,0,5.794754252948884,0.18709539503784536
COCCCN1CCC(CNC(=O)c2nc(C(C)C)c3ccccn23)CC1,228.5714286,0,5.4318487592975595,0.1688510191837692
COC(=O)N1CCC(CN2CCC(CNC(=O)c3nc(C(C)C)c4ccccn34)CC2)CC1,247.6190476,0,5.511891466769173,0.17287501238595823
CC(C)c1nc(C(=O)NCC2CCN(CC3CCOCC3)CC2)n2ccccc12,214.6666667,0,5.369086437591523,0.16569576414709697
COCCCN1CC2C(CNC(=O)c3nc(C(C)C)c4ccccn34)C2C1,218.8405797,0,5.388343518159399,0.16666387684276782
CC(C)c1nc(C(=O)NCC2C3CN(C4CCOCC4)CC23)n2ccccc12,268.8888889,0,5.594298241855835,0.17701785454157434
COCCCN1CCC(CNC(=O)c2cccn3cc(C(C)C)nc23)CC1,179.4871795,0,5.190103781979232,0.15669775530601643
CC(C)c1cn2cccc(C(=O)NCC3CCN(CC4CCOCC4)CC3)c2n1,175.0,0,5.1647859739235145,0.15542495119020533
COC(=O)N1CCC(CN2CCC(CNC(=O)c3cccn4cc(C(C)C)nc34)CC2)CC1,242.4242424,0,5.490689259095492,0.17180911216537226
COCCCN1CC2C(CNC(=O)c3cccn4cc(C(C)C)nc34)C2C1,376.1904762,0,5.9300956007570065,0.19389942104793664
CC(C)c1cc2cccc(C(=O)NCC3CCN(CC4CCOCC4)CC3)n2n1,188.8888889,0,5.241158952766912,0.1592644558422156
CC(C)c1cc2cccc(C(=O)NCC3CCN(C(C)C)CC3)n2n1,205.1282051,0,5.323635174394827,0.16341078928915287
COCCCN1CCC(c2nnc(-c3cccc4cc(C(C)C)nn34)o2)CC1,294.047619,0,5.683741723610812,0.18151445359389634
CC(C)c1cc2cccc(-c3nnc(C4CCN(CC5CCOCC5)CC4)o3)n2n1,471.2365591,0,6.1553602165517525,0.20522416644055408
C[C@H](Cc1ccccc1)n1c(-c2cccc(F)c2O)nc2ccnc(C(F)(F)F)c2c1=O,528.0,1,6.269096283706261,0.2109420285110715
C[C@H](Cc1ccccc1)n1c(-c2ncccc2C(F)(F)F)nc2ccnc(C(F)(F)F)c2c1=O,1200.0,1,7.090076835776092,0.25221524708416887
C[C@H](Cc1ccccc1)n1c(-c2ncccc2Cl)nc2ccnc(C(F)(F)F)c2c1=O,810.0,1,6.697034247666484,0.2324557867575083
CO[C@H]1C[C@@H](CO[C@H]2CC[C@H](C(=O)O)CC2)N(C(=O)Cc2cc(Cl)c(NC(=O)c3cn(C)c4ccccc34)cc2Cl)C1,865.0,1,6.762729506931879,0.23575848959016482
Cc1c(N2[C@@H]3CC[C@H]2C[C@@](C)(O)C3)ccc(C#N)c1Cl,630.61,1,6.446687604898324,0.2198700906896037
Cc1oc(-c2ccccc2)nc1CCCc1ccc(C[C@@H](C(=O)O)n2nccn2)cc1,928.0,1,6.833031732786201,0.2392927988092386
Cc1cccc2c1C(=O)NC1CNCCN21,509.285568,1,6.233008896556015,0.209127804515352
COc1ccc([C@@H](CC(=O)N[C@@H](CC(C)C)B(O)O)NC(=O)c2ccccc2)cc1,933.0,1,6.838405200847344,0.23956293958324834
CC(C)C[C@H](NC(=O)[C@H](Cc1ccccc1)NC(=O)c1cnccn1)B(O)O,654.0,1,6.483107351457199,0.22170102341549053
O=C(Nc1ccc(-c2ccncc2)c(-c2ncco2)n1)C1CC1,533.0,1,6.278521424165844,0.21141585932385967
c1coc(-c2nc3[nH]ncc3cc2-c2ccncn2)c1,736.0,1,6.601230118728877,0.22763941839911292
O=c1[nH][nH]c2nc(-c3ccco3)c(-c3ccncn3)cc12,504.0,1,6.222576268071369,0.20860332417942554
O=c1[nH]c(=O)c2cc(-c3ccncn3)c(-c3ccco3)nc2[nH]1,880.0,1,6.779921907472252,0.23662280446767323
CNC(=O)c1ccc(Nc2nc3cccc(-c4cc(F)c(CN5CCOCC5)c(F)c4)c3o2)cc1C,1177.629666000001,1,7.071258939573062,0.25126921353792303
CN1CCN(c2ccc(-c3cnc4cccc(-c5cc(F)c(CN6CCOCC6)c(F)c5)c4n3)cc2)CC1,852.3000240000005,1,6.747938605687351,0.2350149054718573
Fc1cc(-c2cccc3ncc(-c4cnn(C5CCNCC5)c4)nc23)cc(F)c1CN1CCOCC1,722.1013760000005,1,6.582165539008568,0.2266809833133893
CCCCn1c2ccc(C3CCCCO3)cc2c2c3c(c4c(c21)CCc1nn(C)cc1-4)C(=O)NC3,1159.0,1,7.055312843339752,0.25046755421290523
CC(C)Cn1c2ccc(C3CCCCO3)cc2c2c3c(c4c(c21)CCc1nn(C)cc1-4)C(=O)NC3,862.0,1,6.759255270663693,0.23558382904246988
CC(C)(C)c1nnc(-c2nn(-c3ccccc3Cl)c(-c3ccc(Br)cc3)c2Cn2cncn2)s1,1998.33,1,7.6000671107354,0.27785402748582594
CC(C)C[C@H](NC(=O)CC(NC(=O)C[C@@H]1CCCc2ccccc21)c1cccc(F)c1)B(O)O,1095.0,1,6.9985096422506015,0.24761188250631805
CC(C)C[C@H](NC(=O)CC(NC(=O)c1ccc2ccccc2c1)c1cccc(F)c1)B(O)O,1706.0,1,7.441906728051625,0.2699028183766034
CC(C)C[C@H](NC(=O)CC(NC(=O)Cc1cccc2c1CCCC2)c1cccc(F)c1)B(O)O,957.0,1,6.863803391452954,0.24083978477718587
CCOC(=O)N1CCCOc2cc(Nc3ncc(Cl)c(Nc4c(F)cccc4C(=O)NC)n3)ccc21,1224.0,1,7.1098794630722715,0.253210786092561
COc1cc(/C=C/c2nc3cc(Cl)ccc3c(=O)[nH]2)ccc1-n1cnc(C)c1,1178.5380000000005,1,7.072029966234795,0.2513079754207169
CNC(=O)c1cccc(F)c1Nc1nc(Nc2ccc3c(c2)NC(=O)CCC3)ncc1Cl,1261.0,1,7.13966033596492,0.25470796221091974
COc1cc2c(cc1Nc1ncc(Cl)c(Nc3ccc(N4CCOCC4)cc3OC)n1)CCN(CC(=O)N(C)C)CC2,1019.0,1,6.926577033222725,0.2439956089082948
CN(C)CCNC(=O)c1cccc(NC(=O)Nc2ccc(N(CCCl)CCCl)cc2)c1.Cl,934.93,1,6.840471660175904,0.23966682685234997
N#Cc1cc(O[C@@H]2C[C@H]3CC[C@@H](C2)N3)cc(-c2ncccc2C#N)c1,563.0,1,6.333279628139691,0.21416872273284643
O=C(Nc1cnc(-c2ccncc2)c(-c2ccccn2)n1)C1CC1,1310.0,1,7.177782416195197,0.2566244764886801
O=C(Nc1cnc(-c2ccncc2)c(-c2cccnc2)n1)C1CC1,980.0,1,6.887552571664617,0.24203372914448737
O=C(Nc1cnc(-c2ccncc2F)c(-c2cccnc2)n1)C1CC1,920.0,1,6.824373670043086,0.2388575313536147
O=C(Nc1cnc(-c2c(F)cncc2F)c(-c2cccnc2)n1)C1CC1,1110.0,1,7.01211529430638,0.2482958805008039
O=C(Nc1cnc(-c2ccncc2F)c(-c2ccncc2)n1)C1CC1,680.0,1,6.522092798170152,0.2236609417829803
CCOc1cc(N2CCC(O)CC2)ccc1Nc1ncc2c(n1)N(C)c1ccccc1C(=O)N2C,658.0,1,6.489204931325317,0.22200756751818487
CC(C)[C@](O)(c1ccc2c3c(ccc2c1)C(=O)N(C)C3)c1c[nH]cn1,573.0,1,6.35088571671474,0.2150538349808081
CCO[C@@H]1Cc2cc(C(F)(F)F)ccc2[C@H]1N1CCN(C2(C)CCN(C(=O)c3c(C)ncnc3C)CC2)C[C@@H]1C,1621.9439460000008,1,7.391380675508531,0.26736271824269725
COc1c2c(c(O)c3cc(CNCC(C)C)ccc13)C(=O)C1=C(O)[C@]3(O)C(=O)C(C(N)=O)=C(O)[C@@H](N(C)C)[C@@H]3C[C@@H]1C2,815.0,1,6.703188113240863,0.2327651605158518
CN(C)[C@@H]1C(O)=C(C(N)=O)C(=O)[C@@]2(O)C(O)=C3C(=O)c4c(c(F)c5ccc(CNC(C)(C)C)cc5c4O)C[C@H]3C[C@@H]12,975.0,1,6.882437470997847,0.2417765772944092
CN(C)[C@@H]1C(O)=C(C(N)=O)C(=O)[C@@]2(O)C(O)=C3C(=O)c4c(c(F)c5ccc(CN6CC(F)C6)cc5c4O)C[C@H]3C[C@@H]12,1043.0,1,6.949856455000773,0.24516593707365547
CN(C)c1cc(NC(=O)CNC(C)(C)C)c(O)c2c1C[C@H]1C[C@H]3[C@H](N(C)C)C(O)=C(C(N)=O)C(=O)[C@@]3(O)C(O)=C1C2=O,1052.0,1,6.9584483932976555,0.24559788024989732
COc1c2c(c(O)c3cc(CN4CCC4)ccc13)C(=O)C1=C(O)[C@]3(O)C(=O)C(C(N)=O)=C(O)[C@@H](N(C)C)[C@@H]3C[C@@H]1C2,1648.0,1,7.4073177104694174,0.2681639220296681
COCCNCc1ccc2cc3c(c(O)c2c1)C(=O)C1=C(O)[C@]2(O)C(=O)C(C(N)=O)=C(O)[C@@H](N(C)C)[C@@H]2C[C@@H]1C3,1978.0,1,7.589841512182657,0.27733995518162324
CCc1nc2c(C)cc(CC(C)C)nc2n1[C@H]1CCc2cc(-c3ccccc3-c3nnn[nH]3)ccc21,1220.0,1,7.106606137727303,0.25304622595519455
CN1C[C@@H](COc2ccc(C(=O)Nc3cccc(CC(=O)O)c3)cc2)Oc2ccccc21,670.0,1,6.507277712385012,0.2229161418333984
Cc1cc(Nc2nc(Sc3ccc(NC(=O)CN4C[C@H](Oc5ccc(F)cc5)[C@@H](O)C4)cc3)nn3cccc23)n[nH]1,672.3311400000001,1,6.510750987010082,0.2230907540363349
Cc1cc(Nc2nc(Sc3ccc(NC(=O)C4CC4)cc3)nn3cccc23)n[nH]1,948.8395800000004,1,6.855239743224981,0.24040926382975886
Cc1ccc(C(=O)NC2CC2)cc1-c1cnc2c(c1)NC(=O)C21CCCC1.Cl,1848.0,1,7.521859252201629,0.2739222777857141
CCN(C)C(=O)c1ccc(-c2ccc3c(n2)Oc2ccccc2[C@@H]3C(C)(C)C(=O)Nc2nncs2)cc1F,526.0,1,6.26530121273771,0.21075123861575606
Cc1nnc(-c2ccc(C)c(-c3ccc4c(c3)NC(=O)C43CCN(S(C)(=O)=O)CC3)c2)[nH]1,1030.0,1,6.937314081223682,0.2445353933500286
Cc1ccc2c(N)noc2c1-c1ccc2c(c1)NC(=O)C21CCOCC1,1230.0,1,7.114769448366463,0.2534566207001623
CCOC(=O)N1CCC(N2CCC[C@@H](NC(=O)c3ccccc3C)C2)CC1,1100.0,1,7.003065458786462,0.247840917422175
C[C@@H]1CCCN1CCc1ccc(-c2ccc(=O)n(C)n2)cc1,1647.0,1,7.4067107301776405,0.26813340726267526
C[C@@H]1CCCN1CCc1ccc(-c2ccc(=O)n(-c3ccc(F)cc3)n2)cc1,1295.0,1,7.166265974133638,0.2560455095092641
COc1cccc(CN(C(=O)c2cc3ccc(-c4cn[nH]c4)nc3[nH]2)C2CC2)c1,852.3746000000003,1,6.7480261015636875,0.23501930415879227
COc1cccc(CNC(=O)c2[nH]c3cc(-c4cn[nH]c4)ccc3c2CN2CCOCC2)c1,534.6276000000004,1,6.281570429757132,0.21156914221695935
Cn1cc(/C=C2\C(=O)NN=C2c2nccs2)c2c(OCc3ccccc3)cccc21,972.0,1,6.879355804460439,0.24162165243504782
COc1cccc(CNC(=O)c2c[nH]c3nc(-c4cn[nH]c4)ccc23)c1,2223.2192000000005,1,7.706711514591074,0.2832153698207154
CN(c1ccccc1-c1cc(Cl)c2cnc(Nc3ccc(C4CCN(CC(N)=O)CC4)cc3)nn12)S(C)(=O)=O,1320.0,1,7.1853870155804165,0.25700678309971453
COc1cc(OC)cc(N2CCN(C(=O)Nc3nc4cccc(C)c4nc3OC)CC2)c1,1240.0,1,7.122866658599083,0.2538636923742972
CCC(CC)c1cc(C)n2nc(-c3cnc(OC(F)F)cc3C)n(C)c(=O)c12,518.0,1,6.249975242259483,0.20998075492062104
O=C1CC(=O)CC(c2cc(C(F)(F)F)cc(C(F)(F)F)c2)C1,1982.0,1,7.591861714889934,0.27744151698803776
CN(C)[C@@H]1C(O)=C(C(N)=O)C(=O)[C@@]2(O)C(O)=C3C(=O)c4c(O)c(NC(=O)CN5CCCC5)cc(F)c4C[C@H]3C[C@@H]12,1766.0,1,7.476472381163905,0.27164054011974115
Cc1nc2c(C#N)cccc2n1-c1ccc(C(=O)NC2CC2)s1,703.0,1,6.555356891810665,0.22533323012647336
Cc1n[nH]c(C(=O)O)c1Cc1cccc(-c2ccc(F)cc2)c1,2203.3288,1,7.697724586686852,0.28276356930149915
CCN1C(=O)CCCc2c1ccc(Nc1ncc(Cl)c(N[C@H]3[C@@H](C(N)=O)[C@@H]4C=C[C@H]3C4)n1)c2OC,1276.0,1,7.151485463904735,0.25530244777928596
OC(CCN1CC=C(Cc2ccccc2)CC1)c1csc2ccccc12,1025.0,1,6.932447891572509,0.24429075502262287
OC(CCN1CCC(O)(Cc2ccccc2)CC1)c1ccc(Cl)c(Cl)c1,1234.0,1,7.1180162044653335,0.25361984511977176
NC(=O)[C@@H](CCC(F)(F)F)N(CC12CC(c3ncon3)(C1)C2)S(=O)(=O)c1ccc(Cl)cc1,1251.9837800000005,1,7.132484596304558,0.2543472156978884
COc1ccc(C)c2sc(NC(=O)c3ccncc3)nc12,1445.0,1,7.275864600546533,0.26155536970247595
COc1c(Nc2ncc(Cl)c(N[C@H]3[C@@H](C(N)=O)[C@@H]4C=C[C@H]3C4)n2)ccc2c1CC[C@@H](N1CCOCC1)CC2,989.0,1,6.8966943316227125,0.2424933135474821
O[C@@H]1[C@@H](O)[C@H](c2cn(Cc3ccc(C4CC4)cc3)c3c(F)cccc23)OC[C@H]1O,930.0,1,6.835184586147301,0.2394010293721971
O=C(NOC[C@H](O)CO)c1ccc2cnsc2c1Nc1ccc(I)cc1F,1107.2446000000002,1,7.0096298658440235,0.248170930364146
Cc1ccc(C(=O)NC2CC2)cc1-c1ccn2c(C(C)(C)C)nnc2c1,2119.0,1,7.6586995582682995,0.28080166103987286
CCN1CCN(Cc2ccc(NC(=O)c3cccc(-c4ccc5nc(NC(=O)C6CC6)sc5n4)c3)cc2C(F)(F)F)CC1,1230.0,1,7.114769448366463,0.2534566207001623
Cc1cn(-c2cc(NC(=O)c3cccc(-c4ccc5nc(NC(=O)C6CC6)sc5n4)c3)cc(C(F)(F)F)c2)cn1,1852.78,1,7.524442492847186,0.2740521452417971
COc1cc(C2CCN(CC(N)=O)CC2)ccc1Nc1ncc2ccc(-c3ccccc3OC)n2n1,1106.0,1,7.00850518208228,0.2481143890507044
Cc1cc(Nc2nc(Sc3ccc(NC(=O)CN4CC[C@@H](C(=O)NC5CCCC5)C4)cc3)nn3cccc23)n[nH]1,1007.4600000000004,1,6.915187590799433,0.24342302659148218
Cc1cc(Nc2nc(Sc3ccc(NC(=O)CN4CC[C@@H](C(=O)N5CCC(F)(F)C5)C4)cc3)nn3cccc23)n[nH]1,814.3142000000003,1,6.702346286611597,0.23272283930083307
Cc1sc2nc1C(=O)N[C@@H]([C@H](O)c1ccccc1)c1nc(cs1)C(=O)N[C@@H](Cc1ccc(O)cc1)C(=O)N1C[C@H](O)[C@H](C)[C@H]1c1nc(cs1)-c1nc(cs1)-c1nc(-c3nc(C(N)=O)cs3)ccc1-c1nc(cs1)C(=O)N[C@H]2CC(N)=O,1625.378158,1,7.393495780305842,0.2674690510691989
CCOP(=O)(O)C1=C[C@@H](OC(CC)CC)[C@H](NC(C)=O)[C@@H](N)C1,1286.0,1,7.1592919047975645,0.2556949015839898
CN(c1ccc(F)c(NC(=O)c2cccc(OC(C)(C)C#N)c2Cl)c1)c1ccc2nc(NC(=O)C3CC3)sc2n1.O.O=S(=O)(O)c1ccccc1,600.0,1,6.396929655216146,0.21736860545002762
CCn1cc2c(Oc3cnc(C(=O)N4CCC4)c(F)c3)cc(C(=O)Nc3cnc(C)cn3)cc2n1,1580.0,1,7.365180126021013,0.26604553599884595
N#Cc1ccccc1-c1cc(-c2ccccn2)cn(-c2ccccc2)c1=O,560.0,1,6.327936783729195,0.21390012150398602
N[n+]1ccn(-c2ncc(F)c3c(C(=O)C(=O)N4CCN(C(=O)c5ccccc5)CC4)c[nH]c23)n1.O=C([O-])C(F)(F)F,1856.2237400000013,1,7.526299455649597,0.2741455004758923
Cc1c(Oc2ccc(-n3cnnn3)cc2F)ncnc1N1C2CC3CC1CC(C2)N3C(=O)OC1(C)CC1,1360.0,1,7.215239978730097,0.25850758341712154
O=C(Nc1nc2ccccc2[nH]1)c1ccc(N2CCN(C(=O)c3ccccc3C(F)(F)F)CC2)nn1,792.7440000000004,1,6.675500344799465,0.23137321119890145
COc1cccc(CN(C)C(=O)Nc2ccc(-c3cn[nH]c3)cc2)c1,1984.7305,1,7.593238415641982,0.27751072797105775
COc1cccc(CN(CCO)C(=O)Nc2ccc(-c3cn[nH]c3)cc2)c1,1538.9682000000005,1,7.3388674708573705,0.2647227178576982
O=C(Nc1ccc(-c2cn[nH]c2)cc1)N(CCO)Cc1ccccc1,1211.0220000000002,1,7.099219910192372,0.25267489756902123
CCN(Cc1cccc(OC)c1)C(=O)Nc1ccc(-c2cn[nH]c2)cc1O[C@H]1CCN(C)C1,584.4215000000004,1,6.370622469069766,0.21604606225320616
CN[C@@H](C)C(=O)N[C@H]1CN(C(=O)CCCCc2ccc(CCCCC(=O)N3CC[C@H]4CC[C@@H](C(=O)NC(c5ccccc5)c5ccccc5)N4C(=O)[C@@H](NC(=O)[C@H](C)NC)C3)cc2)CC[C@H]2CC[C@@H](C(=O)NC(c3ccccc3)c3ccccc3)N2C1=O,885.0,1,6.785587645007929,0.2369076385275036
O=c1[nH]c2cc(-c3ccccc3)ccc2c2[nH]c(-c3c(F)cccc3Cl)nc12,728.0,1,6.590301048196686,0.22708998039386583
Cc1c(CC(=O)O)c(-c2ccccc2)nn1Cc1ccccc1S(=O)(=O)c1ccccc1,1955.0,1,7.578145472419466,0.27675195927311025
[2H]C([2H])([2H])N1CCN(Cc2ccc(C(=O)Nc3ccc(C)c(Nc4nccc(-c5cccnc5)n4)c3)cc2)CC1,917.7783482572324,1,6.821955910766395,0.23873598315514338
Cc1ccc(NC(=O)c2ccc(CN3CCN(C)CC3)cc2)cc1Nc1nccc(-c2cccnc2)n1,971.4343200000004,1,6.878773659738435,0.24159238622856838
CN(C)Cc1ccc([C@H]2C[C@@H]2C(=O)Nc2nc3ccc(-c4cn[nH]c4)cc3s2)cc1,1169.1064,1,7.063994975294257,0.25090403170184855
Cc1cnc(Nc2ccc(C(=O)Nc3c(C)cccc3C)cc2)nc1-c1ccc(OC(F)(F)F)cc1,920.0,1,6.824373670043086,0.2388575313536147
CS(=O)(=O)c1ccc(C(=O)Nc2ccc(Cl)c(-c3ccccn3)c2)c(Cl)c1,2500.0,1,7.824046010856292,0.28911413599527236
Cc1ccc(CN2CCOCC2)cc1NC(=O)c1ccc(Nc2nc(-c3ccc(OC(F)(F)F)cc3)c3cccn3n2)cn1,1935.17,1,7.567950456901989,0.2762394244721968
Cc1ccc(CN2CCOCC2)cc1NC(=O)c1ccc(Nc2nc(-c3ccccn3)c3cccn3n2)cc1,764.22,1,6.638855705829723,0.22953097243950907
Cc1ccc(CN2CCOCC2)cc1NC(=O)c1ccc(Nc2nc(-c3cnn(C)c3)c3cccn3n2)cc1,790.59,1,6.672779502161291,0.23123642606723754
Cc1ccc(CN2CCOCC2)cc1NC(=O)c1ccc(Nc2nc(-c3ccc(OC(F)(F)F)cc3)c3cccn3n2)cc1,2230.32,1,7.709900351917193,0.2833756824853981
Cc1cccc(C)c1NC(=O)c1ccc(Nc2nc(-c3ccc(OC(F)(F)F)cc3)c3cccn3n2)cc1,1427.65,1,7.263785014818881,0.26094809175812883
Cc1ccc(CN2CCOCC2)cc1NC(=O)c1ccc(Nc2ncc(C)c(-c3cnn(C)c3)n2)cc1,1200.0,1,7.090076835776092,0.25221524708416887
Cc1ccc(CN2CCOCC2)cc1NC(=O)c1ccc(Nc2ncc(C)c(-c3ccccc3)n2)cc1,710.0,1,6.565264970035361,0.22583133970675048
Cc1ccc(CN2C[C@@H](C)O[C@@H](C)C2)cc1NC(=O)c1ccc(Nc2ncc(C)c(-c3ccc(OC(F)(F)F)cc3)n2)cc1,580.0,1,6.363028103540465,0.21566427012959904
Cc1ccc(CN2CCOCC2)cc1NC(=O)c1ccc(Nc2ncc(C)c(-c3ccc(OC(F)(F)F)cc3)n2)cc1,1300.0,1,7.170119543449628,0.2562392402965092
[2H]C([2H])([2H])Oc1ccc(Cc2cc([C@@H]3O[C@H](CO)[C@@H](O)[C@H](O)[C@H]3O)ccc2Cl)cc1,1332.0,1,7.194436851100335,0.2574617461783434
COc1ccc(Cc2cc([C@@H]3O[C@H](CO)[C@@H](O)[C@H](O)[C@H]3O)ccc2Cl)cc1,1225.0,1,7.110696122978827,0.25325184209898915
COc1cc(N2CCOCC2)ccc1-c1nc2c(N[C@H]3[C@@H](C(N)=O)[C@@H]4C=C[C@H]3C4)c(Cl)cnc2[nH]1,2480.0,1,7.8160138391590275,0.28871033400843843
COc1cc(N2CCC(N3CCOCC3)CC2)ccc1-c1nc2c(N[C@H]3[C@@H](C(N)=O)[C@@H]4C=C[C@H]3C4)c(Cl)cnc2[nH]1,1751.0,1,7.467942332285852,0.27121170831502245
COc1cc(N2CCC(N3CCN(C)CC3)CC2)ccc1-c1nc2c(N[C@H]3[C@@H](C(N)=O)[C@@H]4C=C[C@H]3C4)c(Cl)cnc2[nH]1,1431.0,1,7.266128779556451,0.2610659200234316
COc1cc(CN2CCN(C)CC2)ccc1-c1nc2c(N[C@H]3[C@@H](C(N)=O)[C@@H]4C=C[C@H]3C4)c(Cl)cnc2[nH]1,1137.0,1,7.036148493750536,0.24950410338887194
CC(C)C[C@@H]1NC(=O)[C@H](Cc2ccc(O)cc2)N(C)C(=O)[C@H]2CCCN2C(=O)[C@H](CC(C)C)NC(=O)[C@H](CCCCN)N(C)C(=O)[C@@H](CC(C)C)N(C)C1=O,1640.0,1,7.402451520818244,0.26791928370226237
CC(C)N1CCC(Oc2ccc(C3(C(N)=O)CCOCC3)cc2)CC1,776.0,1,6.654152520183219,0.23029999036653814
Cc1cn(-c2cc3c(c(CC(C)C)c2)C(=O)NCC3)c2c1C(=O)CC(C)(C)C2,640.0,1,6.461468176353717,0.2206131554976259
Cc1cn(-c2cc3c(c(C4CCCC4)c2)C(=O)NCC3)c2c1C(=O)CC(C)(C)C2,530.0,1,6.272877006546167,0.21113209708180966
N#Cc1cccc(Cn2cc(NC(=O)c3n[nH]c4cc(-c5cn[nH]c5)ccc34)cn2)c1,735.1650000000002,1,6.6000949638146915,0.22758235066861757
CC(C)(O)[C@@H](c1ccccc1)n1cc(NC(=O)c2n[nH]c3cc(-c4cn[nH]c4)ccc23)cn1,1103.7375000000002,1,7.006457426825729,0.24801144209285653
C[C@H]1Oc2cc(cnc2N)-c2c(nn(C)c2C#N)CN(C)C(=O)c2ccc(F)cc21,1150.0,1,7.047517221357296,0.2500756443081164
CC(Oc1ccc2nc(N)n(CC(O)c3ccc(C(F)(F)F)cc3Cl)c2n1)C(F)(F)F,778.1830999999999,1,6.656961843532322,0.23044122369580242
[O-][S+](c1cccc(OC(F)(F)F)c1)c1c(O)c(-c2cccnc2)cc2ccccc12,1776.0,1,7.4821189235521155,0.27192440918044347
COC(=O)N[C@H](C(=O)N1CCC[C@H]1c1ncc(-c2ccc([C@H]3CC[C@H](c4cnc([C@@H]5CCCN5C(=O)[C@@H](NC(=O)OC)C(C)C)[nH]4)CC3)cc2)[nH]1)C(C)C,706.0,1,6.559615237493242,0.2255473102671949
COC(=O)N[C@H](C(=O)N1CCC[C@H]1c1ncc(-c2ccc(C34CCC(c5cnc([C@@H]6CCCN6C(=O)[C@@H](NC(=O)OC)C(C)C)[nH]5)(CC3)CC4)cc2)[nH]1)C(C)C,1050.0,1,6.956545443151569,0.24550221309052897
COC(=O)N[C@H](C(=O)N1CCC[C@H]1c1ncc(-c2ccc3c(c2)Cc2ccc(-c4cnc([C@@H]5CCCN5C(=O)[C@@H](NC(=O)OC)C(C)C)[nH]4)cc2O3)[nH]1)C(C)C,1055.0,1,6.961296045910167,0.2457410405091752
COC(=O)N[C@H](C(=O)N1CCC[C@H]1c1ncc(-c2ccc3c(=O)c4cc(-c5cnc([C@@H]6CCCN6C(=O)[C@@H](NC(=O)OC)C(C)C)[nH]5)ccc4oc3c2)[nH]1)C(C)C,626.0,1,6.439350371100098,0.21950122536933203
COC(=O)N[C@H](C(=O)N1CCC[C@H]1c1ncc(-c2ccc3c(c2)Oc2ccc(-c4cnc([C@@H]5CCCN5C(=O)[C@@H](NC(=O)OC)C(C)C)[nH]4)cc2C3(C)C)[nH]1)C(C)C,926.0,1,6.8308742346461795,0.23918433473895134
CNC(=N)NCCC[C@H](NC(=O)[C@H](CC(C)C)NC(=O)NNC(=O)[C@H](Cc1ccccc1)NC(=O)[C@@H](NC(=O)[C@H](CC(N)=O)NC(=O)[C@@H](Cc1c[nH]c2ccccc12)NC(=O)[C@H](N)Cc1ccc(O)cc1)[C@@H](C)O)C(=O)N[C@@H](Cc1c[nH]c2ccccc12)C(N)=O,503.0,1,6.220590170099739,0.2085034769230149
CNC(=N)NCCC[C@H](NC(=O)[C@H](CC(C)C)NC(=O)NNC(=O)[C@H](Cc1ccccc1)NC(=O)[C@@H](NC(=O)[C@H](CC(N)=O)NC(=O)[C@@H](Cc1c[nH]c2ccccc12)NC(=O)[C@@H](Cc1ccc(O)cc1)NC(C)=O)[C@@H](C)O)C(=O)N[C@@H](Cc1c[nH]c2ccccc12)C(N)=O,1225.0,1,7.110696122978827,0.25325184209898915
CNC(=N)NCCC[C@H](NC(=O)[C@H](CC(C)C)NC(=O)NNC(=O)[C@H](Cc1ccccc1)NC(=O)[C@@H](NC(=O)[C@H](CC(N)=O)NC(=O)[C@@H](Cc1ccncc1)NC(=O)[C@@H](Cc1ccc(O)cc1)NC(C)=O)[C@@H](C)O)C(=O)N[C@@H](Cc1c[nH]c2ccccc12)C(N)=O,1262.0,1,7.140453043101158,0.2547478140378795
COc1cnc2ccc(=O)n(CCN3CCN(c4nc5cc(C#N)c(C)cc5[nH]4)CC3)c2c1,520.0,1,6.253828811575473,0.21017448570786623
O=C(Nc1cncc(Oc2cncnc2)n1)c1cc(Cl)ccn1,568.68387,1,6.343324690977513,0.21467371895113774
CN1CCN(c2ccc3nc(Nc4ccc(Br)cn4)[nH]c3c2)CC1,1161.8550000000002,1,7.057773144771879,0.25059124113643566
CN1CCC(c2ccc3nc(Nc4ccc(C(F)(F)F)cn4)[nH]c3c2)CC1,2252.3880000000004,1,7.719746265715766,0.2838706668686893
CO[C@@H]1C(c2ccc(C#N)c(Cl)c2C)=NN2CC[C@H](O)[C@@H]12,708.0,1,6.56244409369372,0.2256895255730019
CC(C)(C)C#Cc1cc(N2C(=O)[C@@H](CCO)OC[C@H]2C2CCCCC2)c(C(=O)O)s1,615.6694000000003,1,6.422710131153111,0.21866466930389383
C[C@@H](O)C[C@H]1OC[C@@H](C2CCCCC2)N(c2cc(C#CC(C)(C)C)sc2C(=O)O)C1=O,1234.4725260000005,1,7.118399053373551,0.25363909211244345
Cc1c(Cc2ccccc2S(=O)(=O)c2ccc(F)cc2)c2c(n1CC(=O)O)CCNC2=O,2460.0,1,7.807916628926408,0.28830326233430353
COc1ccc(S(=O)(=O)c2ccc(F)cc2)c(Cc2c3c(n(CC(=O)O)c2C)CCNC3=O)c1,613.0,1,6.418364935936212,0.21844622296983915
Cc1c(Cc2ccccc2S(=O)(=O)c2ccccc2)c2c(n1CC(=O)O)CC(C)(C)NC2=O,2050.0,1,7.6255950721324535,0.279137396656764
CCN(Cc1cc(C(F)(F)F)ccc1-n1cc(CC(=O)O)c2ccc(C)nc21)C(=O)C1CC1,1225.0,1,7.110696122978827,0.25325184209898915
CCN(Cc1ccccc1-n1cc(CC(=O)O)c2ccc(C(F)(F)F)cc21)C(=O)C1CC1,1074.0,1,6.97914527506881,0.2466383761824365
CCN(Cc1cc(C(F)(F)F)ccc1-c1cc(CC(=O)O)n2cccnc12)C(=O)C1CC1,639.0,1,6.459904454377535,0.22053454238218992
Cc1cc(Cl)cc2c1OC(C(F)(F)F)C(C(=O)O)=C2,1440.45,1,7.272710843752091,0.2613968206440662
O=C(Nc1nc2cccc(-c3ccc(CN4CCS(=O)(=O)CC4)cc3)n2n1)C1CC1,739.0,1,6.6052979209482015,0.2278439193336199
C[C@]1(C(=O)N(CCCC(=O)O)Cc2cccc(Cl)c2)CCN1C(=O)c1csc2ccccc12,517.0,1,6.248042874508429,0.20988360884773086
Cc1nc2ccc(C(=O)N3CCC4(CC3)CC(=O)c3c(cnn3C(C)C)C4)cc2[nH]1,686.0,1,6.530877627725885,0.2241025821963458
O=C(NCc1cccnc1)c1cc(-n2cnn(Cc3ccc(F)cc3)c2=O)n[nH]1,904.7786,1,6.807690272886486,0.23801880564245118
COc1cc(C)c(-c2cnc3[nH]c(-c4c(F)cccc4Cl)cc3c2)cn1,596.0,1,6.39024066706535,0.21703232943315412
COc1cc(OC)c(-c2cnc3[nH]c(-c4c(F)cccc4Cl)cc3c2)cn1,1824.0,1,7.508787170634276,0.273265104021519
CN(c1ccc(Cl)cc1)c1nc(=O)c2cccnc2s1,542.0,1,6.295266001439646,0.2122576607477708
O=C(O)CCCN1CC(c2nnn[nH]2)Oc2c(NC(=O)c3ccc(OCCCCc4ccccc4)cc3)cccc21,2100.0,1,7.649692623711514,0.2803488547246702
O=C(O)CCCN1CC(c2nnn[nH]2)Oc2c(CCc3ccc(OCCCCc4ccccc4)cc3)cccc21,1200.0,1,7.090076835776092,0.25221524708416887
Cc1c[nH]c2ncnc(-c3ccc(NC(=O)Nc4cccc(C(=O)NC(C)C)c4)cc3)c12,1842.5328000000009,1,7.518896425804633,0.27377332738589155
Cc1c[nH]c2ncnc(-c3ccc(NC(=O)Nc4cccc(C(=O)NC(C)C)c4)c(F)c3)c12,2455.673000000001,1,7.806156137080199,0.28821475699202526
Cc1c[nH]c2ncnc(-c3ccc(NC(=O)N(CCO)c4ccccc4Cl)cc3)c12,2151.6288000000004,1,7.673980415697122,0.281569876763198
Cc1[nH]c2ncnc(-c3ccc(NC(=O)N(CCN(C)C)c4ccc(Cl)cc4)c(F)c3)c2c1C,1442.9250000000006,1,7.274427582371146,0.26148312637698334
COCCN(C(=O)Nc1ccc(-c2ncnc3[nH]c(C)c(C)c23)cc1F)c1ccc(Cl)cc1,2386.4532000000013,1,7.777563525945685,0.28677731844862114
COc1ccc2c(c1)[C@]1(C[C@H]1c1ccc3c(/C=C/c4ccc(CN5CCOCC5)cc4)n[nH]c3c1)C(=O)N2C,553.0,1,6.315358001522335,0.21326774741656315
C[C@@H]1CN(Cc2ccc(/C=C/c3n[nH]c4cc([C@@H]5C[C@@]56C(=O)Nc5ccccc56)ccc34)cc2)C[C@H](C)O1,1234.0,1,7.1180162044653335,0.25361984511977176
COc1ccc2c(c1)[C@]1(C[C@H]1c1ccc3c(/C=C/c4ccc(CN5C[C@@H](C)O[C@@H](C)C5)cc4)n[nH]c3c1)C(=O)N2,534.0,1,6.280395838960195,0.21151009192329073
CC[C@@H](C)Nc1nc(C)nc2c(-c3ccc(OC)nc3C)c(C)nn12,987.2499000000004,1,6.894923198875288,0.24240427325435682
CC(C)C[C@@H]1NC(=O)[C@H]2CCCN2C(=O)[C@H](CC(C)C)N(C)C(=O)C[C@H](O)[C@H](CC(C)C)NC(=O)[C@H](CC(C)C)N(C)C(=O)[C@@H](CC(C)C)N(C)C(=O)C[C@@H]1O,1697.0,1,7.436617265234227,0.26963690080468733
N#Cc1ccc(N2C(=O)[C@]3(CCOC3)N(c3ccc(C(=O)O)c(F)c3)C2=S)cc1C(F)(F)F,509.0,1,6.2324480165505225,0.20909960735160482
COC(=O)c1ccc(N2C(=S)N(c3ccc(C#N)c(C(F)(F)F)c3)C(=O)[C@]23CCOC3)cc1F,712.0,1,6.568077911411976,0.2259727549253907
CNCCN(C)Cc1c[nH]nc1-c1ccc(O[C@H]2C[C@H](OCCC3CCOCC3)C2)cc1,846.0,1,6.740519359606223,0.23464191714176588
CC[C@@H](C)Oc1cc2c(cc1OC)CC(=O)N(c1ccc(N(C)C[C@H]3CC[C@H](N(C)C)CC3)cc1)[C@H]2c1ccc(Cl)cc1,951.0658900000006,1,6.8575833451084955,0.24052708390788713
COc1cc2c(cc1OC(C)C)[C@H](c1ccc(Cl)cc1)N(c1ccc(N(C)C[C@H]3CC[C@H](N4CCNC(=O)C4)CC3)cc1)C(=O)C2,1389.855576,1,7.236955118568261,0.25959927031594787
CS(=O)(=O)O.Cc1cc(Nc2ncc(Cl)c(Nc3cn(C)nc3S(=O)(=O)C(C)C)n2)c(OC(C)C)cc1C1CCN(C)CC1,988.0,1,6.895682697747868,0.24244245559971814
O=C(Nc1ccc(F)cc1)c1cnc(N(Cc2ccccc2)Cc2ccc(B(O)O)cn2)nc1,1998.2873800000004,1,7.6000457826992385,0.27785295525982007
CC(C)N1CCN(S(=O)(=O)c2ccc(NC(=O)c3ccc(S(F)(F)(F)(F)F)cc3)cc2)CC1,779.45,1,6.65858854275869,0.2305230028713911
N[C@@]1(C(=O)O)C[C@@H](Sc2nnc[nH]2)[C@H]2[C@H](C(=O)O)[C@H]21,1395.89827,1,7.241293408174152,0.25981736948368817
O=C(/C=C/CNC1CC1)Nc1cc2c(Nc3ccc(F)c(Cl)c3)ncnc2cc1O[C@H]1CCOC1,662.4,1,6.49586960307105,0.22234262107455235
COc1cc2ncnc(Nc3cccc(Cl)c3F)c2cc1OC(=O)N1CCN(C)CC1,763.7958660000006,1,6.638300562365143,0.22950306366932538
Cn1cc(C(=O)O)c2ccc(N3CCC(OCc4c(-c5c(Cl)cccc5Cl)noc4C4CC4)CC3)cc21,577.0,1,6.3578422665081,0.21540356214476114
CN(C)CC(=O)N1CCC[C@@H](n2nc(-c3ccc(Oc4ccccc4)cc3)c3c(N)ncnc32)C1,619.33,1,6.428638248559866,0.21896269400720642
Cc1ccc(CN2CCOCC2)cc1NC(=O)c1ccc(Nc2ncc(F)c(-c3ccc(OC(F)(F)F)cc3)n2)cc1,2031.06,1,7.616313103241515,0.2786707635192816
Cc1ccc(CN2CCOCC2)cc1NC(=O)c1ccc(Nc2nccc(-c3ccc(OC(F)(F)F)cc3)n2)cc1,2437.61,1,7.798773330058884,0.2878436005655965
Cc1ccc(CN2CCOCC2)cc1NC(=O)c1ccc(Nc2ncc(F)c(-c3ccc(OC(F)(F)F)cc3)n2)cn1,1891.59,1,7.545173024225825,0.275094332843647
Cc1ccc(CN2CCOCC2)cc1NC(=O)c1ccc(Nc2ncc(F)c(-c3ccc(OC(F)(F)F)cc3)n2)nc1,624.66,1,6.437207501714717,0.21939349673155428
O=C(Nc1cccc(CN2CCOCC2)c1)c1ccc(Nc2nccc(-c3ccc(OC(F)(F)F)cc3)n2)cc1,769.13,1,6.645260005933396,0.22985293631224663
Cc1c(C(=O)Nc2ccc(N3C[C@@H](C)O[C@@H](C)C3)nc2)cccc1-c1ccc(OC(F)(F)F)cc1,2199.66,1,7.6960580819484825,0.2826797889803375
CNc1nc(Nc2ccc(C)c(N)c2)ncc1C(=O)Nc1cc(NC(=O)c2cccc(C(F)(F)F)c2)ccc1C,720.69,1,6.580209086435214,0.22658262642237112
CC(=O)N1CCN([C@H]2CC[C@H](c3cc(OC4CC4)c(Nc4ncc(Cl)c(Nc5cn(C)nc5S(=O)(=O)C(C)C)n4)cc3C)CC2)CC1,770.0,1,6.646390514847729,0.22990977047403335
Cc1cc(-c2cnn3c(NCC4CCOCC4)nc(Oc4ccccc4)nc23)ccc1C(=O)NC1CC1,871.0,1,6.769641976852503,0.23610600072327823
C[C@@H](c1ccc2[nH]c(=O)sc2c1)c1ccn(-c2ccc(OCCO)cn2)n1,1470.0,1,7.293017679772782,0.2624177077765286
C[C@@H](Oc1ccc2[nH]nc(-c3nc4cc(CCO)ccc4[nH]3)c2c1)c1c(Cl)cncc1Cl,582.3,1,6.366985778843074,0.21586323464513374
NP(=O)(OCCCCOc1ccc2ncnc(Nc3cccc(Br)c3)c2c1)N(CCCl)CCCl,661.0,1,6.493753839851686,0.22223625514714818
CN(C)CCn1cc(-c2ccn3c(-c4ccc(C(N)=O)c(OCc5cccc(F)c5)c4)cnc3c2)cn1,507.0,1,6.2285110035911835,0.208901681595646
C=CC(=O)Nc1cc(Nc2ncc(C(=O)Nc3cc(NC(=O)c4cc(OC)c(OC)c(OC)c4)ccc3C)c(NC)n2)ccc1C,1388.25,1,7.235799240121716,0.2595411607497129
Cc1cc([C@@H]2CN(C(=O)c3ccc(F)c(Br)c3)CC(F)(F)C2)n2ncnc2n1,508.0,1,6.230481447578482,0.20900074187809578
COc1cc2ncnc(Nc3ccc(F)c(Cl)c3)c2cc1OCCCN1CCOCC1,500.8,1,6.216206819785889,0.20828311241483025
CC(C)C(O/N=C(\C(=O)N[C@@H]1C(=O)N(OS(=O)(=O)O)C1(C)C)c1csc(N)n1)c1cc(=O)c(O)cn1O,1730.0,1,7.455876687491824,0.2706051312243061
CC1(C)[C@H](NC(=O)/C(=N\OCc2cc(=O)c(O)cn2O)c2csc(N)n2)C(=O)N1OS(=O)(=O)O,1714.0,1,7.446585099157725,0.2701380144878162
CC(C)[C@H](O/N=C(\C(=O)N[C@@H]1C(=O)N(OS(=O)(=O)O)C1(C)C)c1csc(N)n1)c1cc(=O)c(O)cn1O,675.0,1,6.51471269087253,0.2232899210799688
CC(C)C(O/N=C(\C(=O)N[C@@H]1C(=O)N(OS(=O)(=O)O)C1(C)C)c1nc(N)sc1Cl)c1cc(=O)c(O)cn1O,634.0,1,6.452048954437226,0.22013962222821076
CC1(C)[C@H](NC(=O)/C(=N\OC(CS(C)(=O)=O)c2cc(=O)c(O)cn2O)c2csc(N)n2)C(=O)N1OS(=O)(=O)O,1890.0,1,7.5443321080536885,0.27505205740010974
CSCC(O/N=C(\C(=O)N[C@@H]1C(=O)N(OS(=O)(=O)O)C1(C)C)c1csc(N)n1)c1cc(=O)c(O)cn1O,661.0,1,6.493753839851686,0.22223625514714818
O=C1NC(=O)[C@](CNC(=O)[C@@H](Cc2ccc(C(F)(F)F)cc2)C2CC2)(C2CC2)N1,532.2304000000001,1,6.277076478295164,0.21134321744873055
N#Cc1ccc(-c2cnccc2NS(=O)(=O)C(F)(F)F)cc1,2400.0,1,7.783224016336037,0.2870618887183101
CCOc1ccc(Cc2cc([C@]34OC[C@](OC)(O3)[C@@H](O)[C@H](O)[C@H]4O)ccc2Cl)cc1,2007.0,1,7.604396348796338,0.2780716716045491
CCOc1ccc(Cc2cc([C@]34OC[C@](OC(F)F)(O3)[C@@H](O)[C@H](O)[C@H]4O)ccc2Cl)cc1,1274.0,1,7.149916836132109,0.2552235880343672
O=S(=O)(Nc1cscn1)c1cc(Cl)c(OCC2NCCC=C2c2ccc(F)cc2)cc1F,1772.7945600000007,1,7.480312427956199,0.2718335910881103
Cc1ncn(-c2ccc(C(=O)N[C@H]3[C@H]4CC[C@H]3N(c3ncc(Cl)c5cnoc35)C4)c(Cl)c2)n1,1010.0,1,6.917705609835305,0.24354961515655446
COc1cccc(C(=O)N[C@H]2C[C@@](N)(C(=O)O)[C@@H]3[C@@H](C(=O)O)[C@@H]32)c1,919.402,1,6.8237234587015,0.23882484322872266
O=[N+]([O-])c1cn2c(n1)OC[C@H](Oc1ccc(OC(F)(F)F)cc1)C2,1510.0,1,7.31986492980897,0.26376740164690904
O=[N+]([O-])c1cn2c(n1)OC[C@H](Oc1ccc(C(F)(F)F)cn1)C2,2470.0,1,7.8119734296220225,0.28850721018836106
C=CC(=O)Nc1cc(Nc2cc(-c3cccc(NC(=O)c4cc5c(s4)CCCC5)c3C)cn(C)c2=O)ccc1C(=O)N1CCOCC1,1562.98,1,7.354349534434298,0.2655010488332153
CC(C)(C)c1cc(NC(=O)Nc2ccc(-c3cn4c(n3)sc3cc(OCCN5CCOCC5)ccc34)cc2)no1,1973.0,1,7.587310506022615,0.27721271371385664
CC(C)(C)c1cc(NC(=O)Nc2ccc(-n3nc(-c4ccc(OCCN5CCOCC5)cc4)c4c(N)ncnc43)cc2)no1,524.69,1,6.262807612001426,0.21062587763374102
O=C(O)c1cccc(Cc2c(-c3ccccc3)nn3cc(Cl)ccc23)n1,1590.0,1,7.371489295214277,0.26636271734799216
O=C(c1cccc(F)c1)N1CCc2oc(-c3ccc(F)cn3)nc2C1,1549.0,1,7.3453648404168685,0.2650493606183619
O=C(N[C@@H](C(=O)N1CCC[C@H]1C(=O)Nc1nc(-c2ccccc2)cs1)c1ccccc1)C1CC1,635.0,1,6.453624998892692,0.22021885483259757
CN(Cc1cccc(-c2cnc(N3CCN(c4ccc(C(=O)O)cc4Cl)CC3)nc2)c1)C(=O)CN.Cl.Cl,1920.0,1,7.560080465021827,0.2758437757638084
O=C1C[C@H](c2c[nH]c3ccc(F)cc23)C(=O)N1,2274.0,1,7.729295674310482,0.28435074502301316
C[C@H](NS(=O)(=O)c1ccc(-c2sc(C(=O)NC3CCS(=O)(=O)CC3)nc2CC2CC2)c2ccccc12)C(F)(F)F,792.0,1,6.674561391814426,0.23132600714311274
CCOc1ccc(Cc2cc([C@@H]3O[C@H](CNOC)[C@@H](O)[C@H](O)[C@H]3O)ccc2Cl)cc1,1067.0,1,6.9726062513017535,0.24630963933658548
CCOc1ccc(Cc2cc([C@@H]3O[C@H](/C=N/OC)[C@@H](O)[C@H](O)[C@H]3O)ccc2Cl)cc1,1316.0,1,7.182352111885263,0.25685420915232615
C=CC(=O)Nc1cc(Nc2ncc(Cl)c(Nc3ccccc3S(=O)(=O)C(C)C)n2)c(OC)cc1N1CCCN(C)CC1,720.42,1,6.579834375270681,0.22656378853911488
Cc1[nH]c2c(N3CCO[C@H](CO)C3)c(C#N)c(C(F)(F)F)nc2c1Cl,1100.0,1,7.003065458786462,0.247840917422175
NC(=O)c1cc2ccc(OC(F)(F)F)cc2n1-c1cccc(CCC(=O)O)c1,721.8927200000002,1,6.581876540595029,0.2266664544738702
Cc1cccc(S(=O)(=O)Nc2cc(-c3sc(NC(=O)[C@@H](N)C(C)C)nc3C)cnc2Cl)c1,551.0,1,6.311734809152915,0.2130855983873097
Cc1ccc(CN2CCOCC2)cc1NC(=O)c1ccc(Nc2ncc(C)c(-c3ccccn3)n2)cc1,1370.0,1,7.222566018822171,0.25887588599534106
Cc1ccc(CN2CCOCC2)cc1NC(=O)c1ccc(Nc2nccc(-c3cccnc3)n2)cc1,521.0,1,6.255750041753367,0.21027107186068256
Cc1ccc(OCCN2CCOCC2)cc1NC(=O)c1ccc(Nc2ncc(C)c(-c3ccccc3)n2)cc1,787.0,1,6.668228248417403,0.23100762053697316
CNC(=O)c1c(-c2ccc(F)cc2)oc2cc(N(CCO)S(C)(=O)=O)c(C3CC3)cc12,1610.0,1,7.383989457978509,0.2669911389941161
CNC(=O)c1c(-c2ccc(F)cc2)oc2cc3c(cc12)[C@H](C)n1nncc1CN3S(C)(=O)=O,1301.0,1,7.170888478512505,0.2562778970281926
CNC(=O)c1c(-c2ccc(F)cc2)oc2cc3c(cc12)[C@H](C)O[C@H](CO)CN3S(C)(=O)=O,759.0,1,6.63200177739563,0.22918640436706028
CNC(=O)c1c(-c2ccc(F)cc2)oc2cc3c(cc12)C(C)OC(CS(C)(=O)=O)CN3S(C)(=O)=O,1059.0,1,6.9650803456014065,0.24593128889923618
Cc1cc(-n2cc3c(n2)CN(C(=O)c2cc(C#N)ccc2OC(C)C)C3)ccn1,1176.0,1,7.069874128458572,0.25119959482202686
NC(=O)c1sc(N2CCOCC2)cc1OCCc1ccc(OC(F)(F)F)cc1,550.0,1,6.309918278226516,0.21299427578803376
Cn1cc(Nc2nc(N)nc(-c3cccc(-n4ccc5cc(C6CC6)cc(F)c5c4=O)c3CO)n2)cn1,1960.0,1,7.580699752224563,0.2768803707786286
C#C[C@]1(CO)C[C@@H](n2cnc3c(=O)[nH]c(N)nc32)C[C@@H]1O,526.5169000000001,1,6.266283429824308,0.21080061769105718
Cc1cn2c(-c3cn[nH]c3)cnc2c(Nc2cc(Cc3ccccn3)ns2)n1,1087.688,1,6.991809621585145,0.2472750518509847
Cc1ccc(NC(=O)c2ccc(CN(CCN(C)C)C(=O)c3cccnc3)cc2)cc1Nc1nccc(-c2cccnc2)n1,541.43,1,6.294213787540105,0.21220476271729743
COc1ccc(-c2nn(Cc3nc4cccc(F)c4c(=O)n3-c3c(C)cccc3C)c3ncnc(N)c23)cc1OC,1017.0,1,6.92461239604856,0.24389684055220925
O=C(O)c1c[nH]c2cc(Cl)c(-c3ccc(C4(O)CCC4)cc3)cc12,744.0,1,6.612041034833092,0.22818291641769542
Cc1cc(N2CCc3sccc3C2)cc(C)c1NC(=O)CC(C)(C)C,687.21,1,6.532639922368593,0.2241911781707514
Br.NC(=O)c1cnc2[nH]ccc2c1NC1C2CC3CC1CC(O)(C3)C2,574.52,1,6.3535349095636215,0.21518701805709234
COc1ccc2c(c[n+]3c4c2cc(Cc2ccccc2C)c2c5c(cc(c24)CC3)OCO5)c1OC.[Br-],724.0,1,6.584791392385716,0.22681299304261204
COc1cc2nccc(Oc3ccc4c(NC(=O)Nc5ccccc5)nn(C)c4c3)c2cc1OC,605.0,1,6.405228458030842,0.21778581180357942
CC(C)(F)C(=O)NC[C@@H]1CCCN1C(=O)C[C@H](N)Cc1cc(F)c(F)cc1F,1849.0083333333328,1,7.522404738317657,0.2739497010512697
CN(C)c1ncc(O)c2c1C[C@H]1C[C@H]3[C@H](N(C)C)C(O)=C(C(N)=O)C(=O)[C@@]3(O)C(O)=C1C2=O.Cl.Cl,855.9055118,1,6.75215998663783,0.23522712728175293
O=C(c1ccc(-c2ccc3c(c2)CNC3)s1)N1N=C(c2cccnc2)CC1c1c(O)cccc1F,1100.0730810810812,1,7.003131893926037,0.24784425732106746
NCc1ccccc1-c1ccc(C(=O)N2N=C(c3cccnc3)CC2c2c(O)cccc2F)s1,611.528823529412,1,6.415962089796277,0.21832542450064152
O=C(c1ccc(-c2cccc3c2CCNC3)s1)N1N=C(c2cccnc2)CC1c1c(O)cccc1F,1456.5346067415735,1,7.283815336324274,0.26195507765505077
COc1ccc(Oc2ncc(Cl)c(Nc3ccccc3C(N)=O)n2)cc1,741.5920000000002,1,6.608799226706945,0.22801994074790014
COc1ccc(Oc2cc(Nc3ccccc3C(N)=O)c(Cl)cn2)cc1,1294.3280000000002,1,7.165746920529702,0.2560194150874262
Cc1nc(N2CCN(C)CC2)c2nc(-c3ccccc3Cl)n([C@@H]3CCOC3)c2n1,585.1851852,1,6.371928353036045,0.21611171305849677
O=c1ccn2nc(Oc3ccc(F)cc3F)ccc2c1-c1c(F)cccc1F,724.3200000000002,1,6.585233283687649,0.22683520827809392
COc1ccc(-c2nnc(C)o2)cc1-c1c(=O)ccn2nc(Oc3ccc(F)cc3F)ccc12,1700.8257471264374,1,7.438869145717714,0.2697501097658023
CNC(=O)c1ccc(F)c2c(C(=O)C(=O)N3CCN(C(=O)c4ccccc4)CC3)c[nH]c12,1420.513846,1,7.258773948518826,0.2606961700357872
CC(C)(C)c1ccccc1Oc1ncccc1NC(=O)Nc1ccc(OC(F)(F)F)cc1,1311.5762777777782,1,7.178984958330702,0.2566849319821468
CCC(C(=O)O)N1Cc2sc(-c3ccc(-c4cnn(Cc5ccccc5)c4)cc3)cc2S1(=O)=O,2012.765957,1,7.607265153107924,0.27821589522482487
Cc1cccc(Nc2ccc3c(cnn3-c3cccc(C(=O)NCCN4CCN(C5CCC5)CC4)c3)c2)c1Cl,724.153333333334,1,6.585003156334157,0.22682363906791417
Cc1cccc(NC(=O)c2cccc(-n3ncc4cc(Nc5ccccc5F)ccc43)c2)c1,1818.708333333334,1,7.505881821149931,0.2731190431629562
O=C(NC1CCCC1)N1Cc2cc(-c3c[nH]nc3C3CC3)cnc2C1,517.5438596,1,6.249094274398446,0.20993646595544063
Cc1nc(N2CCN(C)CC2)c2nc(-c3ccccc3Cl)n([C@H](C)CO)c2n1,1352.631579,1,7.209807291755781,0.2582344655261254
O=C(NOCCO)c1ccn2cncc2c1Nc1ccc(I)cc1F,1479.6162162162166,1,7.299538019763215,0.26274550533143726
C[C@H](Nc1nc(N)nc(N)c1C#N)c1nc2cccc(F)c2c(=O)n1-c1cc(F)cc(F)c1,1451.094339622642,1,7.280073267740105,0.2617669523526907
CC[C@@H]1C[C@H](N(Cc2cc(C(F)(F)F)cc(C(F)(F)F)c2)c2ncc(N3CCOCC3)cn2)C[C@H](CC)N1C(=O)OC(C)C,1654.3528571428576,1,7.411165188467378,0.26835734658761246
CC(=O)N1CCc2c(c(N3CCCc4cc(-c5cnn(C)c5)c(C(F)F)cc43)nn2C2CCOCC2)C1,1032.1584086021512,1,6.939407430969605,0.24464063248315496
OC1(CN2CCC(COc3noc4cccc(O[C@@H]5CCOC5)c34)CC2)CCOCC1,580.2469136,1,6.363453726053799,0.21568566748301773
CC(C)c1cc2cccc(-c3nnc(C4CCN(C(C)C)CC4)o3)n2n1,664.8293963,1,6.499530460824771,0.22252666365857393
CN(C)[C@@H]1C(O)=C(C(N)=O)C(=O)[C@@]2(O)C(O)=C3C(=O)c4c(cc5ccc(CN6CC(F)C6)cc5c4O)C[C@H]3C[C@@H]12,3457.0,2,8.148156439921625,0.30540816457720155
CC1=C(CN2CC(C(=O)O)C2)CCc2cc(OCCCCc3ccccc3)ccc21,4400.0,2,8.389359819906353,0.3175342006904575
Cc1ccc(C(=O)NC2CC2)cc1-c1ccc2c(c1)NC(=O)C21CCCC1,2532.0,2,7.836764783264067,0.28975354782085594
CCC(CC)Nc1nc(C)c(-c2ccc(OC(F)(F)F)cc2OC)nc1OC,4499.0,2,8.411610428841172,0.3186528072684525
Cc1ccc(CC(=O)O)cc1NC(=O)c1ccc(OC[C@@H]2CN(C)c3ccccc3O2)cc1C,4600.0,2,8.433811582477187,0.31976892757639885
Cc1ccc(C(=O)NC2CC2)cc1-c1ccc2c(c1)NC(=O)C21CCOCC1,2772.0,2,7.927324360309794,0.2943062564177554
Cc1nnc(-c2ccc(C)c(-c3ccc4c(c3)NC(=O)C43CCOCC3)c2)[nH]1,4063.0,2,8.309676895987726,0.31352829491455886
Cl.O=C(Nc1ccc(N2C(=O)CC(c3ccccc3)C2=O)c(Cl)c1)c1ccccn1,3225.0,2,8.078688229229872,0.30191578386667917
COc1cccc(CNC(=O)c2cc3ccc(-c4cn[nH]c4)nc3n2C)c1,4156.1575,2,8.332346248517407,0.31466795302157397
CNC(=O)C[C@@H]1NC(=O)c2csc(n2)-c2ccc(-c3nc(NC(=O)[C@H]4CC[C@H](C(=O)O)CC4)cs3)nc2-c2csc(n2)-c2csc(n2)[C@H]([C@@H](O)c2ccccc2)NC(=O)CNC(=O)c2nc(sc2COC)[C@H](C(C)C)NC(=O)c2nc1sc2C,3751.583999999998,2,8.22993342977869,0.30951934549142807
COc1cccc(CNC(=O)c2c[nH]c3cc(-c4cn[nH]c4)ccc23)c1,3463.9000000000005,2,8.15015040090535,0.3055084071314253
COc1cccc([C@@H](C)NC(=O)c2c[nH]c3cc(-c4cn[nH]c4)ccc23)c1,2919.3777,2,7.979125756111436,0.29691047198159837
COc1cccc([C@@H](C)NC(=O)c2cc3ccc(-c4cn[nH]c4)nc3[nH]2)c1,2746.678,2,7.918147460440487,0.2938449054232958
CC1=C(CN2CC(C(=O)O)C2)CCc2cc(OC[C@@H](C)Cc3ccc(F)cc3)ccc21.Cl,2600.0,2,7.8632667240095735,0.29108588193065044
Cn1cc(-c2nc3ccc(CC(=O)N4C[C@@H](F)C[C@H]4CO[C@H]4CC[C@H](C(=O)O)CC4)c(F)c3o2)c2ccccc21,4668.0,2,8.448485993406447,0.3205066553681082
COc1ccncc1C(=O)NC(=O)Nc1ccc(-c2ccccc2)c(C(F)(F)F)c1,3400.0,2,8.131530710604252,0.30457233800576444
Cc1c(F)cc(C(=O)NC2CC2)cc1-c1ccn2c(C(C)(C)C)nnc2c1,2668.0,2,7.889084407035514,0.29238381629936855
CCCNS(=O)(=O)Nc1ncnc(OCCOc2ncc(Br)cn2)c1-c1ccc(Br)cc1,2680.0,2,7.893572073504902,0.29260942510168086
CCC(CC)O[C@@H]1C=C(P(=O)(O)O)C[C@H](N)[C@H]1NC(C)=O,2634.0,2,7.876258882303226,0.2917390377059465
CCc1cc2c(c(OCC(F)(F)F)c(C(=O)NC3CCN(C(=O)CO)CC3)n2C)c(=O)n1CC(=O)c1ccccc1,2532.3,2,7.836883259657784,0.28975950399372913
O=C(Nc1ccc(-c2cn[nH]c2)cc1)NC(CCO)c1cccc(F)c1,3366.6575000000003,2,8.121675691385256,0.3040768958649705
COc1cccc(C(CCO)NC(=O)Nc2ccc(-c3cn[nH]c3)cc2)c1,2894.7259000000004,2,7.970645705041023,0.29648415372051684
C[C@@H](O)[C@H]1C(=O)N2C(C(=O)O)=C(S[C@@H]3CN[C@H](C(=O)Nc4cccc(C(=O)O)c4)C3)[C@H](C)[C@H]12,3728.100320000002,2,8.223654085314664,0.3092036635231937
COc1cc(C(O)P(=O)(O)CC[C@H](N)C(=O)O)cc([N+](=O)[O-])c1O,2800.0,2,7.937374696163295,0.2948115177267703
N#Cc1c(Oc2ccc(F)c(NC(=O)Cc3cccc(C(F)(F)F)c3)c2)ccc2nc(NC(=O)C3CC3)sc12,2512.0,2,7.828834527588089,0.28935486946601546
CCc1cc(-c2noc(-c3cc(C)nc(N(CC)CC)c3)n2)cc(C)c1OC[C@@H](O)CNC(=O)CO,3200.0,2,8.070906088787819,0.30152455172041015
CC(C)C[C@@H]1NC(=O)[C@H](Cc2ccc(O)cc2)N(C)C(=O)[C@H]2CCCN2C(=O)[C@H](CC(C)C)NC(=O)[C@H](CC(C)C)N(C)C(=O)[C@@H](CC(C)C)N(C)C1=O,3800.0,2,8.242756345714477,0.3101639929326225
COC(=O)N[C@H](C(=O)N1CCC[C@H]1c1ncc(-c2ccc3c(c2)Oc2ccc(-c4cnc([C@@H]5CCCN5C(=O)[C@@H](NC(=O)OC)C(C)C)[nH]4)cc2O3)[nH]1)C(C)C,2570.0,2,7.851661177889265,0.29050243541602105
Cc1cc2c(c(C)c1Cl)C=C(C(=O)O)C(C(F)(F)F)O2,4898.99,2,8.496784340403586,0.32293476188939724
C[C@@H](O)[C@H]1C(=O)N2C(C(=O)[O-])=C(S[C@@H]3CN[C@H](C(=O)Nc4cccc(C(=O)O)c4)C3)[C@H](C)[C@H]12.[Na+],3880.5390000000016,2,8.263729340494947,0.31121836991576096
O=C(O)CCCN1CC(C(=O)O)Oc2c(NC(=O)c3ccc(OCCCCc4ccccc4)cc3)cccc21,3500.0,2,8.160518247477505,0.306029630681272
O=C(O)CCCN1CC(C(=O)O)Oc2c(CCc3ccc(OCCCCc4ccccc4)cc3)cccc21,3700.0,2,8.216088098632316,0.3088232980915469
Cc1c[nH]c2ncnc(-c3ccc(NC(=O)Nc4ccccc4)cc3)c12,4910.477000000002,2,8.499126364746111,0.3230525026596857
Cc1c[nH]c2ncnc(-c3ccc(NC(=O)N(CCO)c4ccccc4)cc3)c12,3254.521200000001,2,8.087800447048686,0.30237388309542873
O=C(Nc1ccc(F)cc1)c1ccc(SCc2cc(OC(F)(F)F)ccc2B(O)O)nc1,2517.5934000000007,2,7.831058724202433,0.2894666866738433
C[C@H]1O[C@@H](O[C@H]2[C@H](O)[C@@H](O)[C@@H](O[C@H]3[C@H](O)CN[C@@H]3CO)O[C@@H]2CO)[C@H](O)[C@@H](O)[C@@H]1O,4930.0,2,8.503094267036737,0.3232519813173772
CNC(=O)c1ccc(N2C(=S)N(c3ccc(C#N)c(C(F)(F)F)c3)C(=O)[C@]23CCOC3)cc1F,2624.0,2,7.8724551500639794,0.2915478123819018
N#Cc1ccc(N2CC[C@@H](Nc3c(C(N)=O)cnc4[nH]ccc34)[C@@H](F)C2)nc1,3196.0,2,8.069655306886165,0.30146167106546157
CN[C@@H](C)C(=O)N[C@H](C(=O)N1C[C@H]2CCCCOc3ccc(cc3)C[C@@H](C(=O)O)NC(=O)[C@H](Cc3ccc4ccccc4c3)NC(=O)[C@@H]3C[C@@H](CN3C(=O)[C@@H](NC(=O)[C@H](C)NC)C(C)(C)C)n3cc(nn3)COc3ccc(cc3)C[C@@H](NS(=O)(=O)C3CC3)NC(=O)[C@H](Cc3ccc4ccccc4c3)NC(=O)[C@@H]1C2)C(C)(C)C,2660.609519999999,2,7.886310518383673,0.29224436438137097
OCCCCOc1cc(CNc2nc3ccccc3n2[C@@H]2O[C@H](CO)[C@@H](O)[C@H]2O)ccc1-c1ccccc1,2597.9900000000016,2,7.862493348108434,0.29104700194436284
CC#C[C@@H](CC(=O)O)c1ccc(OCc2cccc(-c3c(C)cc(OCCCS(C)(=O)=O)cc3C)c2)s1,3322.9,2,8.108593174612587,0.30341919749089413
N#Cc1cc(NS(=O)(=O)c2ccc(N)cc2)ccc1Oc1ccc(Cl)c(C(F)(F)F)c1,3200.0,2,8.070906088787819,0.30152455172041015
Cc1cc(C(=O)O)nn1Cc1cc(Cl)cc2sc(N3CC=CCC3)nc12,4480.0,2,8.40737832540903,0.31844004640640977
O=C(O)c1cccc(Cc2c(-c3ccccc3)nn3cc(C(F)(F)F)ccc23)n1,4360.0,2,8.38022733634308,0.31707508264037465
COc1ccc2c(Cc3cccc(C(=O)O)n3)c(-c3ccccc3)nn2c1,2780.0,2,7.930206206684683,0.29445113570268483
O=C(c1cc(F)cc(Cl)c1)N1CCc2oc(-c3ccc(F)cn3)nc2C1,4339.0,2,8.37539918579835,0.31683235665589915
Cc1ccc(OC2CN(c3cccc(COC(=O)NC(=N)N)c3F)C2)cn1.O=C(O)[C@H](O)[C@@H](O)C(=O)O,3200.0,2,8.070906088787819,0.30152455172041015
O=[N+]([O-])c1cn2c(n1)OC(COc1ccc(-c3ccc(F)cc3)nc1)CC2,4360.0,2,8.38022733634308,0.31707508264037465
O=[N+]([O-])c1cn2c(n1)O[C@@H](COc1ccc(-c3ccc(F)cc3)nc1)CC2,2650.0,2,7.882314918980268,0.2920434933045939
O=[N+]([O-])c1cn2c(n1)O[C@H](COc1ccc(-c3ccc(F)cc3)nc1)CC2,3140.0,2,8.0519780789023,0.3005729824205173
CCOc1ccc(Cc2cc([C@@H]3O[C@H](/C=N/O)[C@@H](O)[C@H](O)[C@H]3O)ccc2Cl)cc1,3267.0,2,8.09162741160107,0.3025662763793425
Cc1cc(SC(Cc2ccccc2)c2ccc(-c3ccc(C(F)(F)F)cc3)cc2)ccc1OCC(=O)O,3833.5,2,8.25153350299895,0.31060524763730357
O=C(CCCCN1CCC(c2noc3cc(F)ccc23)CC1)c1cc2c3c(c1)CCN3C(=O)CC2,3151.2,2,8.055538611656695,0.30075198135811493
CCCCc1cnc(CCc2ccc(-c3ccccc3C(=O)O)cc2)[nH]1,3528.015750000001,2,8.168490881402432,0.3064304395210882
CC(C)(C)Cc1cnc(CCc2ccc(-c3ccccc3C(=O)O)cc2)[nH]1,4487.988065789475,2,8.40915978806118,0.3185296060156314
NC(=O)c1ccccc1Nc1cc(Oc2ccc(-n3cncn3)cc2)ncc1C(F)(F)F,2744.865410958904,2,7.917487322125527,0.2938117182389062
Cc1nnc(-c2ccc(F)c(-c3c(=O)ccn4nc(Oc5ccc(F)cc5F)ccc34)c2)o1,4842.752688172044,2,8.485238575266585,0.3223543207487494
O=C(O)Cn1c2c(c3cc(F)ccc31)CN(C(=O)c1cccc(Cl)c1)CC2,2804.347826,2,7.9389262868237065,0.29488952096363336
O=C(O)Cn1c2c(c3ccccc31)CN(C(=O)c1ccccc1)CC2,4500.0,2,8.411832675758411,0.31866398030485305
CC[C@@H]1C[C@H](N(Cc2cc(C(F)(F)F)cc(C(F)(F)F)c2)c2ncc(N3CCOCC3)cn2)C[C@H](Cc2ccccc2)N1C(=O)OC(C)(C)C,3585.984000000001,2,8.184788192359251,0.30724975549097167
C[C@H]1Cc2c(nnn2-c2ncc(F)cn2)CN1C(=O)c1ccnc(C(F)(F)F)c1F,4333.08642,2,8.374035366152143,0.3167637932457059
CNC(=O)N1CCc2c(c(N3CCCc4cc(-c5cnn(C)c5)c(C(F)F)cc43)nn2C2CCOCC2)C1,4545.764324324326,2,8.421951160641067,0.31917266767526337
Cc1ccc(C(=O)c2cccn2C/C=C/c2cccc(OCC(=O)[O-])c2)cc1.[Na+],14000.0,3,9.546812608597396,0.3757229139495544
O[C@@H]1[C@@H](O)[C@H](n2cc(Cc3ccc(C4CC4)cc3)c3c(Cl)cccc32)OC[C@H]1O,14787.0,3,9.601503695373488,0.37847240317048536
CC1=C(CNCCC(=O)O)CCc2cc(OCCCCc3ccccc3)ccc21,5400.0,3,8.594154232552366,0.32782984598239256
Cc1cc2c(CC(=O)O)cccc2n1C(=O)c1ccc(OC[C@@H]2CN(C)c3ccccc3O2)cc1,7200.0,3,8.881836305004146,0.34229250898449254
Cc1ccc(C(=O)NC2CC2)cc1-c1ccc2c(c1)NC(=O)C21CCC(F)(F)CC1,5017.0,3,8.520587424484253,0.3241314161700599
Cc1ccc2c(NC3CC3)noc2c1-c1ccc2c(c1)NC(=O)C21CCOCC1,5271.0,3,8.569975376855206,0.3266143005062905
Cc1cc(OC[C@@H]2CN(C)c3ccccc3O2)cc(C)c1C(=O)Nc1cc(CC(=O)O)ccc1Cl,11300.0,3,9.332558004700433,0.36495167573369525
Cc1cc(OC[C@@H]2CN(C)c3ccccc3O2)cc(C)c1C(=O)Nc1cc(C(C)(C)C(=O)O)ccc1Cl,9520.0,3,9.161150127785412,0.35633447432590537
COc1cccc(CNC(=O)c2cc3ccc(-c4cn[nH]c4)nc3[nH]2)c1,7781.267199999999,3,8.959474483086442,0.34619561909535795
COc1cccc(CNC(=O)c2cc3ccc(-c4cn[nH]c4)cc3[nH]2)c1,5299.767,3,8.575418136309693,0.32688792477185863
CC1=C(CN2CC(C(=O)O)C2)CCc2cc(OCCCc3ccc(F)cc3)ccc21.Cl,5400.0,3,8.594154232552366,0.32782984598239256
CC1=C(CN2CC(C(=O)O)C2)CCc2cc(OC[C@@H](C)Cc3ccc(Cl)cc3)ccc21.Cl,9000.0,3,9.104979856318357,0.3535106219389943
O=C(O[C@@H]1COc2nc([N+](=O)[O-])cn2C1)N1CCN(c2ccc(OC(F)(F)F)cc2)CC1,5930.0,3,8.68777949199177,0.33253667586656355
CN(C(=O)Cn1c(=O)oc2ccc(-c3cccnc3)cc21)c1ccccc1.Cl,6042.0,3,8.706490361946617,0.33347732887398523
Cc1c(F)cc(C(=O)NC2CC2)cc1-c1c(F)cn2c(C(C)(C)C)nnc2c1F,8012.0,3,8.988695696785708,0.3476646594239508
CC1CCN([C@H](c2ccc(F)cc2)c2ccc([C@@H](C)C(=O)O)cc2-c2ccc(C(F)(F)F)cc2)CC1.Cl,10400.0,3,9.249561085129464,0.3607791651989329
[2H]C([2H])([2H])c1cc(Cl)cc2c1OC(C(F)(F)F)C(C(=O)O)=C2,14043.75,3,9.54993273593364,0.3758797723516201
Cc1cc2c(c(C)c1Br)C=C(C(=O)O)C(C(F)(F)F)O2,8843.99,3,9.087493411266612,0.3526315245391015
O=C(O)CCCN1CC(C(=O)O)Oc2c(OCc3ccc(OCCCCc4ccccc4)cc3)cccc21,7900.0,3,8.974618038455112,0.34695693222163015
Cc1c[nH]c2ncnc(-c3ccc(NC(=O)N(CCO)c4ccc(Cl)cc4)cc3)c12,5568.921600000001,3,8.624956705559168,0.32937838108203216
Cc1ccc(N(CCO)C(=O)Nc2ccc(-c3ncnc4[nH]cc(C)c34)cc2)cc1,6262.932000000002,3,8.742403725049897,0.33528280414537825
COc1ccc(N(CCO)C(=O)Nc2ccc(-c3ncnc4[nH]cc(C)c34)cc2)cc1,8098.898600000001,3,8.999483356106408,0.34820698825246305
Cc1[nH]c2ncnc(-c3ccc(NC(=O)N(CCO)c4ccc(Cl)cc4)c(F)c3)c2c1C,6581.622500000002,3,8.792036574470488,0.3377780002098612
O=C(O)c1cccc(-c2cccc(CCS)c2C(=O)O)c1,12989.0,3,9.471858124407284,0.3719547213885824
O=C(O)C1CN(Cc2ccc(OCc3ccc(Cl)c(Cl)c3)cc2)C1,6400.0,3,8.764053269347762,0.3363711933545513
C[C@H](NC(=O)c1cc(Cl)cnc1Oc1cccc(F)c1)c1ccc(C(=O)O)cc1,9620.0,3,9.171599543659752,0.35685979861556794
CS(=O)(=O)Nc1ccncc1-c1ccc(C#N)c2ccccc12,6500.0,3,8.779557455883728,0.33715063651929333
C[C@@](Cc1c[nH]c2ccccc12)(NC(=O)[C@H](Cc1c[nH]c2ccccc12)NC(=O)Cc1cccs1)C(=O)N[C@@H](CCCNC(=N)N)C(=O)N1CCC[C@H]1C(=O)N[C@@H](CCCNC(=N)N)C(=O)O,10883.33,3,9.294987539757708,0.363062892853803
N=C(N)NCCC[C@H](NC(=O)[C@@H]1CCCN1C(=O)[C@H](CCCNC(=N)N)NC(=O)[C@H](Cc1ccc(F)cc1)NC(=O)[C@H](Cc1c[nH]c2ccccc12)NC(=O)Cc1cccs1)C(=O)N[C@@H](CC(N)=O)C(N)=O,5300.0,3,8.575462099540212,0.3268901349387351
N#Cc1cc(NS(=O)(=O)c2ccc(C(=O)O)cc2)ccc1Oc1ccc(Cl)c(C(F)(F)F)c1,6200.0,3,8.732304571033183,0.3347750885970813
CC#C[C@@H](CC(=O)O)c1ccc(OCc2ccc3nc(-c4c(C)cccc4C)nn3c2)cc1,12726.0,3,9.451402423792738,0.370926350374919
Cc1cc(N2CCC(c3cccc(F)c3)CC2)cc(C)c1NC(=O)CC(C)(C)C,8360.0,3,9.031213706078747,0.3498021705823093
Cn1ncnc1[C@H]1c2n[nH]c(=O)c3cc(F)cc(c23)N[C@@H]1c1ccc(F)cc1,6541.8,3,8.785967635940391,0.3374728959953608
C=C(C)[C@@H]1CC[C@]2(NCCN3CCS(=O)(=O)CC3)CC[C@]3(C)[C@H](CC[C@@H]4[C@@]5(C)CC=C(c6ccc(C(=O)O)cc6)C(C)(C)[C@@H]5CC[C@]43C)[C@@H]12,7670.488500000002,3,8.94513558203333,0.3454747584175124
Cc1nnc(-c2ccc(F)c(-c3c(=O)ccn4c(-c5ccc(F)cc5F)cccc34)c2)o1,6915.103897058824,3,8.841463268867956,0.34026283222697684
COc1ccc(Oc2cc(Nc3ccccc3C(N)=O)c(C(F)(F)F)cn2)cc1,5131.351898734179,3,8.543124431465765,0.32526442085913115
CCC(C(=O)O)N1Cc2sc(C#Cc3ccc(N(C)C)cc3)cc2S1(=O)=O,11843.57542,3,9.379540840892346,0.3673136474788773
O=C(O)C[C@H]1CCc2c1[nH]c1ccc(OCc3ccc(C4CCCC4)c(C(F)(F)F)c3)cc21,7018.518519,3,8.85630743756889,0.34100909426422604
O=C(O)CC1CCn2c1cc1cc(OCc3ccc(C4CCCC4)c(C(F)(F)F)c3)ccc12,13923.07692,3,9.541302952565431,0.37544592658719056
CC(C)Oc1ccc(COc2ccc3c(c2)cc2n3CCC2CC(=O)O)cc1C#N,8012.048193,3,8.988701711869965,0.34766496182074524
CC(C)Oc1ccc(COc2ccc3c(c2)c(Cl)c2n3CC[C@@H]2CC(=O)O)cc1C#N,5510.471204,3,8.61440541645784,0.3288479353117772
CC(C)Oc1ccc(COc2ccc3c(c2)c(Cl)c2n3CC[C@@H]2CC(=O)O)cc1C(F)(F)F,10883.39223,3,9.294993257660416,0.36306318031036655
CC[C@@H]1C[C@H](N(Cc2cc(C(F)(F)F)cc(C(F)(F)F)c2)c2ncc(N3CCOCC3)cn2)C[C@H](CC)N1C(=O)O[C@H]1CC[C@H](C(=O)O)CC1,11723.262068965516,3,9.369330357932894,0.36680033508206117
